scope,task,dataset_index,layer_idx,tensor_axis,policy,k_bits,v_bits,model,git_commit,seed,prompt_input_tokens,actual_generated_token_count,requested_decode_steps,sampled_decode_steps,valid_step_count,no_decode_exposure,sample_attention_distortion,per_step_distortions
primary,trec,153,0,key,K2/V16,2,16,lmsys/longchat-7b-v1.5-32k,72e24f9241451c7aa799dde9773eb52e8ced88af,42,4325,20,"[1, 2, 4, 8, 16]","[1, 2, 4, 8, 16]",5,False,0.0773748413927281,"[{""decode_step"": 1, ""distortion"": 0.0709514220392866}, {""decode_step"": 2, ""distortion"": 0.07599402607220679}, {""decode_step"": 4, ""distortion"": 0.09309073764680022}, {""decode_step"": 8, ""distortion"": 0.07374734240280399}, {""decode_step"": 16, ""distortion"": 0.07309067880254287}]"
primary,trec,154,0,key,K2/V16,2,16,lmsys/longchat-7b-v1.5-32k,72e24f9241451c7aa799dde9773eb52e8ced88af,42,6881,20,"[1, 2, 4, 8, 16]","[1, 2, 4, 8, 16]",5,False,0.07562520341271821,"[{""decode_step"": 1, ""distortion"": 0.06932912113727707}, {""decode_step"": 2, ""distortion"": 0.06877559559104289}, {""decode_step"": 4, ""distortion"": 0.07231051240487235}, {""decode_step"": 8, ""distortion"": 0.07671369959050199}, {""decode_step"": 16, ""distortion"": 0.09099708833989675}]"
primary,trec,82,0,key,K2/V16,2,16,lmsys/longchat-7b-v1.5-32k,72e24f9241451c7aa799dde9773eb52e8ced88af,42,8914,20,"[1, 2, 4, 8, 16]","[1, 2, 4, 8, 16]",5,False,0.07374139739781821,"[{""decode_step"": 1, ""distortion"": 0.06900988757063835}, {""decode_step"": 2, ""distortion"": 0.08955113963662446}, {""decode_step"": 4, ""distortion"": 0.07053075548161791}, {""decode_step"": 8, ""distortion"": 0.06971953913778978}, {""decode_step"": 16, ""distortion"": 0.06989566516242053}]"
primary,trec,151,0,key,K2/V16,2,16,lmsys/longchat-7b-v1.5-32k,72e24f9241451c7aa799dde9773eb52e8ced88af,42,11115,20,"[1, 2, 4, 8, 16]","[1, 2, 4, 8, 16]",5,False,0.06796965274179856,"[{""decode_step"": 1, ""distortion"": 0.066057311347192}, {""decode_step"": 2, ""distortion"": 0.0657087290025336}, {""decode_step"": 4, ""distortion"": 0.06896103138126315}, {""decode_step"": 8, ""distortion"": 0.07268197241036663}, {""decode_step"": 16, ""distortion"": 0.06643921956763743}]"
primary,lcc,122,0,key,K2/V16,2,16,lmsys/longchat-7b-v1.5-32k,72e24f9241451c7aa799dde9773eb52e8ced88af,42,3489,20,"[1, 2, 4, 8, 16]","[1, 2, 4, 8, 16]",5,False,0.07605133610624869,"[{""decode_step"": 1, ""distortion"": 0.07443465193076404}, {""decode_step"": 2, ""distortion"": 0.0744091844522986}, {""decode_step"": 4, ""distortion"": 0.075024186335046}, {""decode_step"": 8, ""distortion"": 0.07342491814927853}, {""decode_step"": 16, ""distortion"": 0.0829637396638563}]"
primary,lcc,174,0,key,K2/V16,2,16,lmsys/longchat-7b-v1.5-32k,72e24f9241451c7aa799dde9773eb52e8ced88af,42,2600,20,"[1, 2, 4, 8, 16]","[1, 2, 4, 8, 16]",5,False,0.08045995897208227,"[{""decode_step"": 1, ""distortion"": 0.07669242873644296}, {""decode_step"": 2, ""distortion"": 0.0774267954249013}, {""decode_step"": 4, ""distortion"": 0.07937148170874352}, {""decode_step"": 8, ""distortion"": 0.07663101636863984}, {""decode_step"": 16, ""distortion"": 0.09217807262168379}]"
primary,lcc,214,0,key,K2/V16,2,16,lmsys/longchat-7b-v1.5-32k,72e24f9241451c7aa799dde9773eb52e8ced88af,42,5140,20,"[1, 2, 4, 8, 16]","[1, 2, 4, 8, 16]",5,False,0.07147255016368301,"[{""decode_step"": 1, ""distortion"": 0.06739311746371443}, {""decode_step"": 2, ""distortion"": 0.08250655408254304}, {""decode_step"": 4, ""distortion"": 0.06985858121332889}, {""decode_step"": 8, ""distortion"": 0.06774926418084484}, {""decode_step"": 16, ""distortion"": 0.06985523387798387}]"
primary,lcc,357,0,key,K2/V16,2,16,lmsys/longchat-7b-v1.5-32k,72e24f9241451c7aa799dde9773eb52e8ced88af,42,3996,15,"[1, 2, 4, 8, 16]","[1, 2, 4, 8]",4,False,0.07470090579893465,"[{""decode_step"": 1, ""distortion"": 0.072202451091539}, {""decode_step"": 2, ""distortion"": 0.07141985955630467}, {""decode_step"": 4, ""distortion"": 0.07484258045534165}, {""decode_step"": 8, ""distortion"": 0.08033873209255328}]"
primary,passage_retrieval_en,141,0,key,K2/V16,2,16,lmsys/longchat-7b-v1.5-32k,72e24f9241451c7aa799dde9773eb52e8ced88af,42,13442,5,"[1, 2, 4, 8, 16]","[1, 2, 4]",3,False,0.06644082420900034,"[{""decode_step"": 1, ""distortion"": 0.06664640754448037}, {""decode_step"": 2, ""distortion"": 0.06414960685133998}, {""decode_step"": 4, ""distortion"": 0.06852645823118066}]"
primary,passage_retrieval_en,185,0,key,K2/V16,2,16,lmsys/longchat-7b-v1.5-32k,72e24f9241451c7aa799dde9773eb52e8ced88af,42,13611,6,"[1, 2, 4, 8, 16]","[1, 2, 4]",3,False,0.06647230390421639,"[{""decode_step"": 1, ""distortion"": 0.06642405920149}, {""decode_step"": 2, ""distortion"": 0.06406995756868071}, {""decode_step"": 4, ""distortion"": 0.0689228949424785}]"
primary,passage_retrieval_en,105,0,key,K2/V16,2,16,lmsys/longchat-7b-v1.5-32k,72e24f9241451c7aa799dde9773eb52e8ced88af,42,15066,5,"[1, 2, 4, 8, 16]","[1, 2, 4]",3,False,0.06480930800737068,"[{""decode_step"": 1, ""distortion"": 0.0649809873340121}, {""decode_step"": 2, ""distortion"": 0.06273210558130636}, {""decode_step"": 4, ""distortion"": 0.0667148311067936}]"
primary,passage_retrieval_en,41,0,key,K2/V16,2,16,lmsys/longchat-7b-v1.5-32k,72e24f9241451c7aa799dde9773eb52e8ced88af,42,15832,6,"[1, 2, 4, 8, 16]","[1, 2, 4]",3,False,0.06411428796733774,"[{""decode_step"": 1, ""distortion"": 0.06399487125247502}, {""decode_step"": 2, ""distortion"": 0.06189838706855745}, {""decode_step"": 4, ""distortion"": 0.06644960558098074}]"
primary,2wikimqa,164,0,key,K2/V16,2,16,lmsys/longchat-7b-v1.5-32k,72e24f9241451c7aa799dde9773eb52e8ced88af,42,5528,20,"[1, 2, 4, 8, 16]","[1, 2, 4, 8, 16]",5,False,0.0721509886819259,"[{""decode_step"": 1, ""distortion"": 0.06973680061878222}, {""decode_step"": 2, ""distortion"": 0.07224865545367957}, {""decode_step"": 4, ""distortion"": 0.07293132326802539}, {""decode_step"": 8, ""distortion"": 0.06930919979078744}, {""decode_step"": 16, ""distortion"": 0.07652896427835494}]"
primary,2wikimqa,44,0,key,K2/V16,2,16,lmsys/longchat-7b-v1.5-32k,72e24f9241451c7aa799dde9773eb52e8ced88af,42,7240,3,"[1, 2, 4, 8, 16]","[1, 2]",2,False,0.0680131834830249,"[{""decode_step"": 1, ""distortion"": 0.06864154302542798}, {""decode_step"": 2, ""distortion"": 0.06738482394062181}]"
primary,2wikimqa,138,0,key,K2/V16,2,16,lmsys/longchat-7b-v1.5-32k,72e24f9241451c7aa799dde9773eb52e8ced88af,42,7852,8,"[1, 2, 4, 8, 16]","[1, 2, 4]",3,False,0.06924882600038378,"[{""decode_step"": 1, ""distortion"": 0.07057289409246086}, {""decode_step"": 2, ""distortion"": 0.06760971627762352}, {""decode_step"": 4, ""distortion"": 0.06956386763106692}]"
primary,2wikimqa,38,0,key,K2/V16,2,16,lmsys/longchat-7b-v1.5-32k,72e24f9241451c7aa799dde9773eb52e8ced88af,42,11086,20,"[1, 2, 4, 8, 16]","[1, 2, 4, 8, 16]",5,False,0.06826767806220127,"[{""decode_step"": 1, ""distortion"": 0.0687186655319005}, {""decode_step"": 2, ""distortion"": 0.06762600242268406}, {""decode_step"": 4, ""distortion"": 0.06837695482126081}, {""decode_step"": 8, ""distortion"": 0.0683869271615197}, {""decode_step"": 16, ""distortion"": 0.0682298403736413}]"
primary,trec,153,0,value,K16/V2,16,2,lmsys/longchat-7b-v1.5-32k,72e24f9241451c7aa799dde9773eb52e8ced88af,42,4325,20,"[1, 2, 4, 8, 16]","[1, 2, 4, 8, 16]",5,False,0.3612460405043115,"[{""decode_step"": 1, ""distortion"": 0.4150413546743812}, {""decode_step"": 2, ""distortion"": 0.360160888973354}, {""decode_step"": 4, ""distortion"": 0.2847363034350507}, {""decode_step"": 8, ""distortion"": 0.3651608118423294}, {""decode_step"": 16, ""distortion"": 0.38113084359644217}]"
primary,trec,154,0,value,K16/V2,16,2,lmsys/longchat-7b-v1.5-32k,72e24f9241451c7aa799dde9773eb52e8ced88af,42,6881,20,"[1, 2, 4, 8, 16]","[1, 2, 4, 8, 16]",5,False,0.3592282634244223,"[{""decode_step"": 1, ""distortion"": 0.39348906460269745}, {""decode_step"": 2, ""distortion"": 0.38785229044522357}, {""decode_step"": 4, ""distortion"": 0.3692545458343374}, {""decode_step"": 8, ""distortion"": 0.3761953172001864}, {""decode_step"": 16, ""distortion"": 0.2693500990396668}]"
primary,trec,82,0,value,K16/V2,16,2,lmsys/longchat-7b-v1.5-32k,72e24f9241451c7aa799dde9773eb52e8ced88af,42,8914,20,"[1, 2, 4, 8, 16]","[1, 2, 4, 8, 16]",5,False,0.32026536342896367,"[{""decode_step"": 1, ""distortion"": 0.3600455233328689}, {""decode_step"": 2, ""distortion"": 0.2728629200331599}, {""decode_step"": 4, ""distortion"": 0.31848140566951666}, {""decode_step"": 8, ""distortion"": 0.3809983875146543}, {""decode_step"": 16, ""distortion"": 0.2689385805946186}]"
primary,trec,151,0,value,K16/V2,16,2,lmsys/longchat-7b-v1.5-32k,72e24f9241451c7aa799dde9773eb52e8ced88af,42,11115,20,"[1, 2, 4, 8, 16]","[1, 2, 4, 8, 16]",5,False,0.3709360026018282,"[{""decode_step"": 1, ""distortion"": 0.3803692701067559}, {""decode_step"": 2, ""distortion"": 0.3777776387470717}, {""decode_step"": 4, ""distortion"": 0.36125466507856496}, {""decode_step"": 8, ""distortion"": 0.3687317328945139}, {""decode_step"": 16, ""distortion"": 0.3665467061822345}]"
primary,lcc,122,0,value,K16/V2,16,2,lmsys/longchat-7b-v1.5-32k,72e24f9241451c7aa799dde9773eb52e8ced88af,42,3489,20,"[1, 2, 4, 8, 16]","[1, 2, 4, 8, 16]",5,False,0.3583333738891181,"[{""decode_step"": 1, ""distortion"": 0.3519743705086238}, {""decode_step"": 2, ""distortion"": 0.3521645816320089}, {""decode_step"": 4, ""distortion"": 0.35410436580148674}, {""decode_step"": 8, ""distortion"": 0.3566121713794217}, {""decode_step"": 16, ""distortion"": 0.37681138012404947}]"
primary,lcc,174,0,value,K16/V2,16,2,lmsys/longchat-7b-v1.5-32k,72e24f9241451c7aa799dde9773eb52e8ced88af,42,2600,20,"[1, 2, 4, 8, 16]","[1, 2, 4, 8, 16]",5,False,0.3113818752401639,"[{""decode_step"": 1, ""distortion"": 0.3238297138246921}, {""decode_step"": 2, ""distortion"": 0.3158229874234726}, {""decode_step"": 4, ""distortion"": 0.316391443358063}, {""decode_step"": 8, ""distortion"": 0.3235308321664219}, {""decode_step"": 16, ""distortion"": 0.2773343994281699}]"
primary,lcc,214,0,value,K16/V2,16,2,lmsys/longchat-7b-v1.5-32k,72e24f9241451c7aa799dde9773eb52e8ced88af,42,5140,20,"[1, 2, 4, 8, 16]","[1, 2, 4, 8, 16]",5,False,0.29049374096910496,"[{""decode_step"": 1, ""distortion"": 0.3123772419454188}, {""decode_step"": 2, ""distortion"": 0.2834453670594674}, {""decode_step"": 4, ""distortion"": 0.29200188604787974}, {""decode_step"": 8, ""distortion"": 0.2779667640722133}, {""decode_step"": 16, ""distortion"": 0.28667744572054543}]"
primary,lcc,357,0,value,K16/V2,16,2,lmsys/longchat-7b-v1.5-32k,72e24f9241451c7aa799dde9773eb52e8ced88af,42,3996,15,"[1, 2, 4, 8, 16]","[1, 2, 4, 8]",4,False,0.32738686554342067,"[{""decode_step"": 1, ""distortion"": 0.3370258834500817}, {""decode_step"": 2, ""distortion"": 0.3255533789492293}, {""decode_step"": 4, ""distortion"": 0.3277767664656741}, {""decode_step"": 8, ""distortion"": 0.31919143330869765}]"
primary,passage_retrieval_en,141,0,value,K16/V2,16,2,lmsys/longchat-7b-v1.5-32k,72e24f9241451c7aa799dde9773eb52e8ced88af,42,13442,5,"[1, 2, 4, 8, 16]","[1, 2, 4]",3,False,0.26080593134778357,"[{""decode_step"": 1, ""distortion"": 0.26504664328567945}, {""decode_step"": 2, ""distortion"": 0.2604276538775142}, {""decode_step"": 4, ""distortion"": 0.25694349688015716}]"
primary,passage_retrieval_en,185,0,value,K16/V2,16,2,lmsys/longchat-7b-v1.5-32k,72e24f9241451c7aa799dde9773eb52e8ced88af,42,13611,6,"[1, 2, 4, 8, 16]","[1, 2, 4]",3,False,0.2638999174786857,"[{""decode_step"": 1, ""distortion"": 0.26842565923795964}, {""decode_step"": 2, ""distortion"": 0.2617289602842957}, {""decode_step"": 4, ""distortion"": 0.2615451329138017}]"
primary,passage_retrieval_en,105,0,value,K16/V2,16,2,lmsys/longchat-7b-v1.5-32k,72e24f9241451c7aa799dde9773eb52e8ced88af,42,15066,5,"[1, 2, 4, 8, 16]","[1, 2, 4]",3,False,0.255250315757448,"[{""decode_step"": 1, ""distortion"": 0.26003108157571553}, {""decode_step"": 2, ""distortion"": 0.25420264597512426}, {""decode_step"": 4, ""distortion"": 0.2515172197215042}]"
primary,passage_retrieval_en,41,0,value,K16/V2,16,2,lmsys/longchat-7b-v1.5-32k,72e24f9241451c7aa799dde9773eb52e8ced88af,42,15832,6,"[1, 2, 4, 8, 16]","[1, 2, 4]",3,False,0.2551292038224249,"[{""decode_step"": 1, ""distortion"": 0.25941952038972577}, {""decode_step"": 2, ""distortion"": 0.25131578296218476}, {""decode_step"": 4, ""distortion"": 0.25465230811536416}]"
primary,2wikimqa,164,0,value,K16/V2,16,2,lmsys/longchat-7b-v1.5-32k,72e24f9241451c7aa799dde9773eb52e8ced88af,42,5528,20,"[1, 2, 4, 8, 16]","[1, 2, 4, 8, 16]",5,False,0.2547464223950129,"[{""decode_step"": 1, ""distortion"": 0.261944213337657}, {""decode_step"": 2, ""distortion"": 0.24952169701701926}, {""decode_step"": 4, ""distortion"": 0.24892629480353615}, {""decode_step"": 8, ""distortion"": 0.25729970060280777}, {""decode_step"": 16, ""distortion"": 0.25604020621404416}]"
primary,2wikimqa,44,0,value,K16/V2,16,2,lmsys/longchat-7b-v1.5-32k,72e24f9241451c7aa799dde9773eb52e8ced88af,42,7240,3,"[1, 2, 4, 8, 16]","[1, 2]",2,False,0.26709673618635665,"[{""decode_step"": 1, ""distortion"": 0.2678139447561061}, {""decode_step"": 2, ""distortion"": 0.2663795276166072}]"
primary,2wikimqa,138,0,value,K16/V2,16,2,lmsys/longchat-7b-v1.5-32k,72e24f9241451c7aa799dde9773eb52e8ced88af,42,7852,8,"[1, 2, 4, 8, 16]","[1, 2, 4]",3,False,0.25690584362652946,"[{""decode_step"": 1, ""distortion"": 0.25160048057837503}, {""decode_step"": 2, ""distortion"": 0.25749662533130546}, {""decode_step"": 4, ""distortion"": 0.26162042496990784}]"
primary,2wikimqa,38,0,value,K16/V2,16,2,lmsys/longchat-7b-v1.5-32k,72e24f9241451c7aa799dde9773eb52e8ced88af,42,11086,20,"[1, 2, 4, 8, 16]","[1, 2, 4, 8, 16]",5,False,0.26473997854214704,"[{""decode_step"": 1, ""distortion"": 0.2737059812426126}, {""decode_step"": 2, ""distortion"": 0.262091646745554}, {""decode_step"": 4, ""distortion"": 0.26129603380019034}, {""decode_step"": 8, ""distortion"": 0.2623114600941696}, {""decode_step"": 16, ""distortion"": 0.2642947708282085}]"
primary,trec,153,4,key,K2/V16,2,16,lmsys/longchat-7b-v1.5-32k,72e24f9241451c7aa799dde9773eb52e8ced88af,42,4325,20,"[1, 2, 4, 8, 16]","[1, 2, 4, 8, 16]",5,False,0.03437904980970136,"[{""decode_step"": 1, ""distortion"": 0.03450672281881404}, {""decode_step"": 2, ""distortion"": 0.03453236660398299}, {""decode_step"": 4, ""distortion"": 0.0341763808716764}, {""decode_step"": 8, ""distortion"": 0.03435643191333826}, {""decode_step"": 16, ""distortion"": 0.03432334684069513}]"
primary,trec,154,4,key,K2/V16,2,16,lmsys/longchat-7b-v1.5-32k,72e24f9241451c7aa799dde9773eb52e8ced88af,42,6881,20,"[1, 2, 4, 8, 16]","[1, 2, 4, 8, 16]",5,False,0.03411953665917122,"[{""decode_step"": 1, ""distortion"": 0.034044947975402876}, {""decode_step"": 2, ""distortion"": 0.03442591451091651}, {""decode_step"": 4, ""distortion"": 0.03391456407024065}, {""decode_step"": 8, ""distortion"": 0.03432045991158737}, {""decode_step"": 16, ""distortion"": 0.033891796827708716}]"
primary,trec,82,4,key,K2/V16,2,16,lmsys/longchat-7b-v1.5-32k,72e24f9241451c7aa799dde9773eb52e8ced88af,42,8914,20,"[1, 2, 4, 8, 16]","[1, 2, 4, 8, 16]",5,False,0.03443370502773992,"[{""decode_step"": 1, ""distortion"": 0.033898748892749526}, {""decode_step"": 2, ""distortion"": 0.03432002692443925}, {""decode_step"": 4, ""distortion"": 0.03536554645443861}, {""decode_step"": 8, ""distortion"": 0.03401834535079978}, {""decode_step"": 16, ""distortion"": 0.03456585751627245}]"
primary,trec,151,4,key,K2/V16,2,16,lmsys/longchat-7b-v1.5-32k,72e24f9241451c7aa799dde9773eb52e8ced88af,42,11115,20,"[1, 2, 4, 8, 16]","[1, 2, 4, 8, 16]",5,False,0.03474947293094598,"[{""decode_step"": 1, ""distortion"": 0.03468634884182433}, {""decode_step"": 2, ""distortion"": 0.034733431578762644}, {""decode_step"": 4, ""distortion"": 0.03446248214983562}, {""decode_step"": 8, ""distortion"": 0.034936802733368966}, {""decode_step"": 16, ""distortion"": 0.03492829935093832}]"
primary,lcc,122,4,key,K2/V16,2,16,lmsys/longchat-7b-v1.5-32k,72e24f9241451c7aa799dde9773eb52e8ced88af,42,3489,20,"[1, 2, 4, 8, 16]","[1, 2, 4, 8, 16]",5,False,0.031240523020657752,"[{""decode_step"": 1, ""distortion"": 0.03052837994583558}, {""decode_step"": 2, ""distortion"": 0.031027158962643388}, {""decode_step"": 4, ""distortion"": 0.03185565487199482}, {""decode_step"": 8, ""distortion"": 0.031230604171326698}, {""decode_step"": 16, ""distortion"": 0.03156081715148828}]"
primary,lcc,174,4,key,K2/V16,2,16,lmsys/longchat-7b-v1.5-32k,72e24f9241451c7aa799dde9773eb52e8ced88af,42,2600,20,"[1, 2, 4, 8, 16]","[1, 2, 4, 8, 16]",5,False,0.032005888198051016,"[{""decode_step"": 1, ""distortion"": 0.03096218643344466}, {""decode_step"": 2, ""distortion"": 0.03189855517674971}, {""decode_step"": 4, ""distortion"": 0.030978274729524767}, {""decode_step"": 8, ""distortion"": 0.03302414326084892}, {""decode_step"": 16, ""distortion"": 0.033166281389687025}]"
primary,lcc,214,4,key,K2/V16,2,16,lmsys/longchat-7b-v1.5-32k,72e24f9241451c7aa799dde9773eb52e8ced88af,42,5140,20,"[1, 2, 4, 8, 16]","[1, 2, 4, 8, 16]",5,False,0.029473026161627492,"[{""decode_step"": 1, ""distortion"": 0.029247914054352883}, {""decode_step"": 2, ""distortion"": 0.029809552808853272}, {""decode_step"": 4, ""distortion"": 0.029336880090990208}, {""decode_step"": 8, ""distortion"": 0.02984832507292483}, {""decode_step"": 16, ""distortion"": 0.029122458781016276}]"
primary,lcc,357,4,key,K2/V16,2,16,lmsys/longchat-7b-v1.5-32k,72e24f9241451c7aa799dde9773eb52e8ced88af,42,3996,15,"[1, 2, 4, 8, 16]","[1, 2, 4, 8]",4,False,0.03238117381855797,"[{""decode_step"": 1, ""distortion"": 0.0321074172962306}, {""decode_step"": 2, ""distortion"": 0.03201329939274477}, {""decode_step"": 4, ""distortion"": 0.0319405848418699}, {""decode_step"": 8, ""distortion"": 0.033463393743386596}]"
primary,passage_retrieval_en,141,4,key,K2/V16,2,16,lmsys/longchat-7b-v1.5-32k,72e24f9241451c7aa799dde9773eb52e8ced88af,42,13442,5,"[1, 2, 4, 8, 16]","[1, 2, 4]",3,False,0.036007704688442055,"[{""decode_step"": 1, ""distortion"": 0.0358976000028604}, {""decode_step"": 2, ""distortion"": 0.035900154811949386}, {""decode_step"": 4, ""distortion"": 0.03622535925051637}]"
primary,passage_retrieval_en,185,4,key,K2/V16,2,16,lmsys/longchat-7b-v1.5-32k,72e24f9241451c7aa799dde9773eb52e8ced88af,42,13611,6,"[1, 2, 4, 8, 16]","[1, 2, 4]",3,False,0.03561606894038584,"[{""decode_step"": 1, ""distortion"": 0.03552069984854528}, {""decode_step"": 2, ""distortion"": 0.035593719521339114}, {""decode_step"": 4, ""distortion"": 0.035733787451273126}]"
primary,passage_retrieval_en,105,4,key,K2/V16,2,16,lmsys/longchat-7b-v1.5-32k,72e24f9241451c7aa799dde9773eb52e8ced88af,42,15066,5,"[1, 2, 4, 8, 16]","[1, 2, 4]",3,False,0.03543909056328559,"[{""decode_step"": 1, ""distortion"": 0.03523995550110453}, {""decode_step"": 2, ""distortion"": 0.035483227434555606}, {""decode_step"": 4, ""distortion"": 0.03559408875419663}]"
primary,passage_retrieval_en,41,4,key,K2/V16,2,16,lmsys/longchat-7b-v1.5-32k,72e24f9241451c7aa799dde9773eb52e8ced88af,42,15832,6,"[1, 2, 4, 8, 16]","[1, 2, 4]",3,False,0.035376416363448536,"[{""decode_step"": 1, ""distortion"": 0.03525307768326415}, {""decode_step"": 2, ""distortion"": 0.03542018658413342}, {""decode_step"": 4, ""distortion"": 0.03545598482294803}]"
primary,2wikimqa,164,4,key,K2/V16,2,16,lmsys/longchat-7b-v1.5-32k,72e24f9241451c7aa799dde9773eb52e8ced88af,42,5528,20,"[1, 2, 4, 8, 16]","[1, 2, 4, 8, 16]",5,False,0.033632048521540975,"[{""decode_step"": 1, ""distortion"": 0.033424993730077436}, {""decode_step"": 2, ""distortion"": 0.03269180015463276}, {""decode_step"": 4, ""distortion"": 0.03408111445529819}, {""decode_step"": 8, ""distortion"": 0.03351432019609255}, {""decode_step"": 16, ""distortion"": 0.03444801407160393}]"
primary,2wikimqa,44,4,key,K2/V16,2,16,lmsys/longchat-7b-v1.5-32k,72e24f9241451c7aa799dde9773eb52e8ced88af,42,7240,3,"[1, 2, 4, 8, 16]","[1, 2]",2,False,0.03344914768797255,"[{""decode_step"": 1, ""distortion"": 0.033084183870595536}, {""decode_step"": 2, ""distortion"": 0.03381411150534956}]"
primary,2wikimqa,138,4,key,K2/V16,2,16,lmsys/longchat-7b-v1.5-32k,72e24f9241451c7aa799dde9773eb52e8ced88af,42,7852,8,"[1, 2, 4, 8, 16]","[1, 2, 4]",3,False,0.03412453430761007,"[{""decode_step"": 1, ""distortion"": 0.0336730484889661}, {""decode_step"": 2, ""distortion"": 0.03307114866543868}, {""decode_step"": 4, ""distortion"": 0.03562940576842542}]"
primary,2wikimqa,38,4,key,K2/V16,2,16,lmsys/longchat-7b-v1.5-32k,72e24f9241451c7aa799dde9773eb52e8ced88af,42,11086,20,"[1, 2, 4, 8, 16]","[1, 2, 4, 8, 16]",5,False,0.03446694723968645,"[{""decode_step"": 1, ""distortion"": 0.0345137406669297}, {""decode_step"": 2, ""distortion"": 0.03380583676982268}, {""decode_step"": 4, ""distortion"": 0.03448356130477474}, {""decode_step"": 8, ""distortion"": 0.034133813865434584}, {""decode_step"": 16, ""distortion"": 0.03539778359147055}]"
primary,trec,153,4,value,K16/V2,16,2,lmsys/longchat-7b-v1.5-32k,72e24f9241451c7aa799dde9773eb52e8ced88af,42,4325,20,"[1, 2, 4, 8, 16]","[1, 2, 4, 8, 16]",5,False,0.12414519637456907,"[{""decode_step"": 1, ""distortion"": 0.15552459884125835}, {""decode_step"": 2, ""distortion"": 0.12328468532497133}, {""decode_step"": 4, ""distortion"": 0.08224207743455553}, {""decode_step"": 8, ""distortion"": 0.13968892827372695}, {""decode_step"": 16, ""distortion"": 0.11998569199833316}]"
primary,trec,154,4,value,K16/V2,16,2,lmsys/longchat-7b-v1.5-32k,72e24f9241451c7aa799dde9773eb52e8ced88af,42,6881,20,"[1, 2, 4, 8, 16]","[1, 2, 4, 8, 16]",5,False,0.16117362096065388,"[{""decode_step"": 1, ""distortion"": 0.19033769709479129}, {""decode_step"": 2, ""distortion"": 0.15851376605789957}, {""decode_step"": 4, ""distortion"": 0.17207435323661732}, {""decode_step"": 8, ""distortion"": 0.16634585085732606}, {""decode_step"": 16, ""distortion"": 0.11859643755663517}]"
primary,trec,82,4,value,K16/V2,16,2,lmsys/longchat-7b-v1.5-32k,72e24f9241451c7aa799dde9773eb52e8ced88af,42,8914,20,"[1, 2, 4, 8, 16]","[1, 2, 4, 8, 16]",5,False,0.16927902973282874,"[{""decode_step"": 1, ""distortion"": 0.2300466656231403}, {""decode_step"": 2, ""distortion"": 0.1281991463355678}, {""decode_step"": 4, ""distortion"": 0.11800461761918384}, {""decode_step"": 8, ""distortion"": 0.22112097169779293}, {""decode_step"": 16, ""distortion"": 0.14902374738845878}]"
primary,trec,151,4,value,K16/V2,16,2,lmsys/longchat-7b-v1.5-32k,72e24f9241451c7aa799dde9773eb52e8ced88af,42,11115,20,"[1, 2, 4, 8, 16]","[1, 2, 4, 8, 16]",5,False,0.1634121243401875,"[{""decode_step"": 1, ""distortion"": 0.20933491187717795}, {""decode_step"": 2, ""distortion"": 0.18977955927530737}, {""decode_step"": 4, ""distortion"": 0.15482552160304536}, {""decode_step"": 8, ""distortion"": 0.16709045430959385}, {""decode_step"": 16, ""distortion"": 0.09603017463581301}]"
primary,lcc,122,4,value,K16/V2,16,2,lmsys/longchat-7b-v1.5-32k,72e24f9241451c7aa799dde9773eb52e8ced88af,42,3489,20,"[1, 2, 4, 8, 16]","[1, 2, 4, 8, 16]",5,False,0.13914525126636712,"[{""decode_step"": 1, ""distortion"": 0.14282494647774263}, {""decode_step"": 2, ""distortion"": 0.13777800141127286}, {""decode_step"": 4, ""distortion"": 0.1428026648804255}, {""decode_step"": 8, ""distortion"": 0.15714336113483768}, {""decode_step"": 16, ""distortion"": 0.11517728242755694}]"
primary,lcc,174,4,value,K16/V2,16,2,lmsys/longchat-7b-v1.5-32k,72e24f9241451c7aa799dde9773eb52e8ced88af,42,2600,20,"[1, 2, 4, 8, 16]","[1, 2, 4, 8, 16]",5,False,0.11972375862348053,"[{""decode_step"": 1, ""distortion"": 0.14180883030581967}, {""decode_step"": 2, ""distortion"": 0.13240727855201695}, {""decode_step"": 4, ""distortion"": 0.09097289231610091}, {""decode_step"": 8, ""distortion"": 0.16871777562709211}, {""decode_step"": 16, ""distortion"": 0.06471201631637297}]"
primary,lcc,214,4,value,K16/V2,16,2,lmsys/longchat-7b-v1.5-32k,72e24f9241451c7aa799dde9773eb52e8ced88af,42,5140,20,"[1, 2, 4, 8, 16]","[1, 2, 4, 8, 16]",5,False,0.12069164247042796,"[{""decode_step"": 1, ""distortion"": 0.18236646194266004}, {""decode_step"": 2, ""distortion"": 0.08143319525121531}, {""decode_step"": 4, ""distortion"": 0.10748886226370896}, {""decode_step"": 8, ""distortion"": 0.10223975494542996}, {""decode_step"": 16, ""distortion"": 0.12992993794912552}]"
primary,lcc,357,4,value,K16/V2,16,2,lmsys/longchat-7b-v1.5-32k,72e24f9241451c7aa799dde9773eb52e8ced88af,42,3996,15,"[1, 2, 4, 8, 16]","[1, 2, 4, 8]",4,False,0.1419273977321088,"[{""decode_step"": 1, ""distortion"": 0.16554107413953204}, {""decode_step"": 2, ""distortion"": 0.13786212877584653}, {""decode_step"": 4, ""distortion"": 0.11179360240069038}, {""decode_step"": 8, ""distortion"": 0.15251278561236625}]"
primary,passage_retrieval_en,141,4,value,K16/V2,16,2,lmsys/longchat-7b-v1.5-32k,72e24f9241451c7aa799dde9773eb52e8ced88af,42,13442,5,"[1, 2, 4, 8, 16]","[1, 2, 4]",3,False,0.14579498855573259,"[{""decode_step"": 1, ""distortion"": 0.15694931811269447}, {""decode_step"": 2, ""distortion"": 0.16029300878109365}, {""decode_step"": 4, ""distortion"": 0.12014263877340962}]"
primary,passage_retrieval_en,185,4,value,K16/V2,16,2,lmsys/longchat-7b-v1.5-32k,72e24f9241451c7aa799dde9773eb52e8ced88af,42,13611,6,"[1, 2, 4, 8, 16]","[1, 2, 4]",3,False,0.14184870659954593,"[{""decode_step"": 1, ""distortion"": 0.16009340903876562}, {""decode_step"": 2, ""distortion"": 0.1503360353078271}, {""decode_step"": 4, ""distortion"": 0.1151166754520451}]"
primary,passage_retrieval_en,105,4,value,K16/V2,16,2,lmsys/longchat-7b-v1.5-32k,72e24f9241451c7aa799dde9773eb52e8ced88af,42,15066,5,"[1, 2, 4, 8, 16]","[1, 2, 4]",3,False,0.1427970458297861,"[{""decode_step"": 1, ""distortion"": 0.16527585016823276}, {""decode_step"": 2, ""distortion"": 0.15118649131942807}, {""decode_step"": 4, ""distortion"": 0.11192879600169754}]"
primary,passage_retrieval_en,41,4,value,K16/V2,16,2,lmsys/longchat-7b-v1.5-32k,72e24f9241451c7aa799dde9773eb52e8ced88af,42,15832,6,"[1, 2, 4, 8, 16]","[1, 2, 4]",3,False,0.14379724342194014,"[{""decode_step"": 1, ""distortion"": 0.16070681841869797}, {""decode_step"": 2, ""distortion"": 0.15566290964572574}, {""decode_step"": 4, ""distortion"": 0.11502200220139673}]"
primary,2wikimqa,164,4,value,K16/V2,16,2,lmsys/longchat-7b-v1.5-32k,72e24f9241451c7aa799dde9773eb52e8ced88af,42,5528,20,"[1, 2, 4, 8, 16]","[1, 2, 4, 8, 16]",5,False,0.16476495200949107,"[{""decode_step"": 1, ""distortion"": 0.12865313400990086}, {""decode_step"": 2, ""distortion"": 0.22984417545107963}, {""decode_step"": 4, ""distortion"": 0.16826735802624304}, {""decode_step"": 8, ""distortion"": 0.13730327883198148}, {""decode_step"": 16, ""distortion"": 0.1597568137282503}]"
primary,2wikimqa,44,4,value,K16/V2,16,2,lmsys/longchat-7b-v1.5-32k,72e24f9241451c7aa799dde9773eb52e8ced88af,42,7240,3,"[1, 2, 4, 8, 16]","[1, 2]",2,False,0.2342733813436174,"[{""decode_step"": 1, ""distortion"": 0.26026813789580644}, {""decode_step"": 2, ""distortion"": 0.20827862479142834}]"
primary,2wikimqa,138,4,value,K16/V2,16,2,lmsys/longchat-7b-v1.5-32k,72e24f9241451c7aa799dde9773eb52e8ced88af,42,7852,8,"[1, 2, 4, 8, 16]","[1, 2, 4]",3,False,0.18601608560383934,"[{""decode_step"": 1, ""distortion"": 0.17292912989408304}, {""decode_step"": 2, ""distortion"": 0.28115082882569786}, {""decode_step"": 4, ""distortion"": 0.10396829809173717}]"
primary,2wikimqa,38,4,value,K16/V2,16,2,lmsys/longchat-7b-v1.5-32k,72e24f9241451c7aa799dde9773eb52e8ced88af,42,11086,20,"[1, 2, 4, 8, 16]","[1, 2, 4, 8, 16]",5,False,0.2117980065505151,"[{""decode_step"": 1, ""distortion"": 0.17517346583576818}, {""decode_step"": 2, ""distortion"": 0.3650825820071305}, {""decode_step"": 4, ""distortion"": 0.12571463983518857}, {""decode_step"": 8, ""distortion"": 0.21306598728083204}, {""decode_step"": 16, ""distortion"": 0.179953357793656}]"
primary,trec,153,9,key,K2/V16,2,16,lmsys/longchat-7b-v1.5-32k,72e24f9241451c7aa799dde9773eb52e8ced88af,42,4325,20,"[1, 2, 4, 8, 16]","[1, 2, 4, 8, 16]",5,False,0.04970330765376302,"[{""decode_step"": 1, ""distortion"": 0.05032880955541794}, {""decode_step"": 2, ""distortion"": 0.05025844431038479}, {""decode_step"": 4, ""distortion"": 0.050706475087666375}, {""decode_step"": 8, ""distortion"": 0.04897894464177904}, {""decode_step"": 16, ""distortion"": 0.04824386467356695}]"
primary,trec,154,9,key,K2/V16,2,16,lmsys/longchat-7b-v1.5-32k,72e24f9241451c7aa799dde9773eb52e8ced88af,42,6881,20,"[1, 2, 4, 8, 16]","[1, 2, 4, 8, 16]",5,False,0.04972495448631285,"[{""decode_step"": 1, ""distortion"": 0.04886486608451407}, {""decode_step"": 2, ""distortion"": 0.0514880784256375}, {""decode_step"": 4, ""distortion"": 0.05158404481549983}, {""decode_step"": 8, ""distortion"": 0.0481824842666639}, {""decode_step"": 16, ""distortion"": 0.048505298839248985}]"
primary,trec,82,9,key,K2/V16,2,16,lmsys/longchat-7b-v1.5-32k,72e24f9241451c7aa799dde9773eb52e8ced88af,42,8914,20,"[1, 2, 4, 8, 16]","[1, 2, 4, 8, 16]",5,False,0.049596125110803246,"[{""decode_step"": 1, ""distortion"": 0.05048202556495941}, {""decode_step"": 2, ""distortion"": 0.051282292538137736}, {""decode_step"": 4, ""distortion"": 0.04984712043269949}, {""decode_step"": 8, ""distortion"": 0.04803925149699589}, {""decode_step"": 16, ""distortion"": 0.048329935521223714}]"
primary,trec,151,9,key,K2/V16,2,16,lmsys/longchat-7b-v1.5-32k,72e24f9241451c7aa799dde9773eb52e8ced88af,42,11115,20,"[1, 2, 4, 8, 16]","[1, 2, 4, 8, 16]",5,False,0.05000325110050644,"[{""decode_step"": 1, ""distortion"": 0.049373201484333044}, {""decode_step"": 2, ""distortion"": 0.05026743351489072}, {""decode_step"": 4, ""distortion"": 0.05360611788987613}, {""decode_step"": 8, ""distortion"": 0.04805428067056098}, {""decode_step"": 16, ""distortion"": 0.048715221942871326}]"
primary,lcc,122,9,key,K2/V16,2,16,lmsys/longchat-7b-v1.5-32k,72e24f9241451c7aa799dde9773eb52e8ced88af,42,3489,20,"[1, 2, 4, 8, 16]","[1, 2, 4, 8, 16]",5,False,0.0547127938232705,"[{""decode_step"": 1, ""distortion"": 0.05463243656473999}, {""decode_step"": 2, ""distortion"": 0.05726187739561979}, {""decode_step"": 4, ""distortion"": 0.05756037358870329}, {""decode_step"": 8, ""distortion"": 0.052891977568850876}, {""decode_step"": 16, ""distortion"": 0.051217303998438546}]"
primary,lcc,174,9,key,K2/V16,2,16,lmsys/longchat-7b-v1.5-32k,72e24f9241451c7aa799dde9773eb52e8ced88af,42,2600,20,"[1, 2, 4, 8, 16]","[1, 2, 4, 8, 16]",5,False,0.052720138279039305,"[{""decode_step"": 1, ""distortion"": 0.052400929517337165}, {""decode_step"": 2, ""distortion"": 0.048431738390498656}, {""decode_step"": 4, ""distortion"": 0.053024750144149736}, {""decode_step"": 8, ""distortion"": 0.05752614276939611}, {""decode_step"": 16, ""distortion"": 0.05221713057381486}]"
primary,lcc,214,9,key,K2/V16,2,16,lmsys/longchat-7b-v1.5-32k,72e24f9241451c7aa799dde9773eb52e8ced88af,42,5140,20,"[1, 2, 4, 8, 16]","[1, 2, 4, 8, 16]",5,False,0.05082246307828649,"[{""decode_step"": 1, ""distortion"": 0.050586098461120284}, {""decode_step"": 2, ""distortion"": 0.050229933674517176}, {""decode_step"": 4, ""distortion"": 0.05320250389873895}, {""decode_step"": 8, ""distortion"": 0.05058117202281771}, {""decode_step"": 16, ""distortion"": 0.049512607334238304}]"
primary,lcc,357,9,key,K2/V16,2,16,lmsys/longchat-7b-v1.5-32k,72e24f9241451c7aa799dde9773eb52e8ced88af,42,3996,15,"[1, 2, 4, 8, 16]","[1, 2, 4, 8]",4,False,0.05285123002113392,"[{""decode_step"": 1, ""distortion"": 0.0548446091195725}, {""decode_step"": 2, ""distortion"": 0.049297211498481465}, {""decode_step"": 4, ""distortion"": 0.05411020060518446}, {""decode_step"": 8, ""distortion"": 0.053152898861297246}]"
primary,passage_retrieval_en,141,9,key,K2/V16,2,16,lmsys/longchat-7b-v1.5-32k,72e24f9241451c7aa799dde9773eb52e8ced88af,42,13442,5,"[1, 2, 4, 8, 16]","[1, 2, 4]",3,False,0.04719246012549296,"[{""decode_step"": 1, ""distortion"": 0.04784168024904732}, {""decode_step"": 2, ""distortion"": 0.04685783761673671}, {""decode_step"": 4, ""distortion"": 0.04687786251069484}]"
primary,passage_retrieval_en,185,9,key,K2/V16,2,16,lmsys/longchat-7b-v1.5-32k,72e24f9241451c7aa799dde9773eb52e8ced88af,42,13611,6,"[1, 2, 4, 8, 16]","[1, 2, 4]",3,False,0.04753888479811264,"[{""decode_step"": 1, ""distortion"": 0.0479031592015291}, {""decode_step"": 2, ""distortion"": 0.04725819575952845}, {""decode_step"": 4, ""distortion"": 0.04745529943328039}]"
primary,passage_retrieval_en,105,9,key,K2/V16,2,16,lmsys/longchat-7b-v1.5-32k,72e24f9241451c7aa799dde9773eb52e8ced88af,42,15066,5,"[1, 2, 4, 8, 16]","[1, 2, 4]",3,False,0.04728982719421255,"[{""decode_step"": 1, ""distortion"": 0.047682291614607276}, {""decode_step"": 2, ""distortion"": 0.04704624688192799}, {""decode_step"": 4, ""distortion"": 0.04714094308610238}]"
primary,passage_retrieval_en,41,9,key,K2/V16,2,16,lmsys/longchat-7b-v1.5-32k,72e24f9241451c7aa799dde9773eb52e8ced88af,42,15832,6,"[1, 2, 4, 8, 16]","[1, 2, 4]",3,False,0.047210589631747936,"[{""decode_step"": 1, ""distortion"": 0.047581355765139714}, {""decode_step"": 2, ""distortion"": 0.046744858247361847}, {""decode_step"": 4, ""distortion"": 0.04730555488274227}]"
primary,2wikimqa,164,9,key,K2/V16,2,16,lmsys/longchat-7b-v1.5-32k,72e24f9241451c7aa799dde9773eb52e8ced88af,42,5528,20,"[1, 2, 4, 8, 16]","[1, 2, 4, 8, 16]",5,False,0.04969162934264796,"[{""decode_step"": 1, ""distortion"": 0.047373924684911306}, {""decode_step"": 2, ""distortion"": 0.05056952033415683}, {""decode_step"": 4, ""distortion"": 0.04964124163063033}, {""decode_step"": 8, ""distortion"": 0.04729025554407869}, {""decode_step"": 16, ""distortion"": 0.053583204519462656}]"
primary,2wikimqa,44,9,key,K2/V16,2,16,lmsys/longchat-7b-v1.5-32k,72e24f9241451c7aa799dde9773eb52e8ced88af,42,7240,3,"[1, 2, 4, 8, 16]","[1, 2]",2,False,0.04860023829784045,"[{""decode_step"": 1, ""distortion"": 0.0485528441091269}, {""decode_step"": 2, ""distortion"": 0.04864763248655401}]"
primary,2wikimqa,138,9,key,K2/V16,2,16,lmsys/longchat-7b-v1.5-32k,72e24f9241451c7aa799dde9773eb52e8ced88af,42,7852,8,"[1, 2, 4, 8, 16]","[1, 2, 4]",3,False,0.047688954947597895,"[{""decode_step"": 1, ""distortion"": 0.046716769411195645}, {""decode_step"": 2, ""distortion"": 0.04767672934003314}, {""decode_step"": 4, ""distortion"": 0.04867336609156491}]"
primary,2wikimqa,38,9,key,K2/V16,2,16,lmsys/longchat-7b-v1.5-32k,72e24f9241451c7aa799dde9773eb52e8ced88af,42,11086,20,"[1, 2, 4, 8, 16]","[1, 2, 4, 8, 16]",5,False,0.04776768490675512,"[{""decode_step"": 1, ""distortion"": 0.046387454408104004}, {""decode_step"": 2, ""distortion"": 0.04667131582048445}, {""decode_step"": 4, ""distortion"": 0.047647116078234214}, {""decode_step"": 8, ""distortion"": 0.04891805636653625}, {""decode_step"": 16, ""distortion"": 0.049214481860416694}]"
primary,trec,153,9,value,K16/V2,16,2,lmsys/longchat-7b-v1.5-32k,72e24f9241451c7aa799dde9773eb52e8ced88af,42,4325,20,"[1, 2, 4, 8, 16]","[1, 2, 4, 8, 16]",5,False,0.1037035421159099,"[{""decode_step"": 1, ""distortion"": 0.12747526627442504}, {""decode_step"": 2, ""distortion"": 0.10620748933141948}, {""decode_step"": 4, ""distortion"": 0.06542926845167275}, {""decode_step"": 8, ""distortion"": 0.11895248818828456}, {""decode_step"": 16, ""distortion"": 0.10045319833374768}]"
primary,trec,154,9,value,K16/V2,16,2,lmsys/longchat-7b-v1.5-32k,72e24f9241451c7aa799dde9773eb52e8ced88af,42,6881,20,"[1, 2, 4, 8, 16]","[1, 2, 4, 8, 16]",5,False,0.13448287045779167,"[{""decode_step"": 1, ""distortion"": 0.1540159515364511}, {""decode_step"": 2, ""distortion"": 0.1852565274029155}, {""decode_step"": 4, ""distortion"": 0.12188702991848309}, {""decode_step"": 8, ""distortion"": 0.12541007442756646}, {""decode_step"": 16, ""distortion"": 0.08584476900354218}]"
primary,trec,82,9,value,K16/V2,16,2,lmsys/longchat-7b-v1.5-32k,72e24f9241451c7aa799dde9773eb52e8ced88af,42,8914,20,"[1, 2, 4, 8, 16]","[1, 2, 4, 8, 16]",5,False,0.11776079194145432,"[{""decode_step"": 1, ""distortion"": 0.11579864909180107}, {""decode_step"": 2, ""distortion"": 0.08054671571687251}, {""decode_step"": 4, ""distortion"": 0.10141267577225928}, {""decode_step"": 8, ""distortion"": 0.19411451656756207}, {""decode_step"": 16, ""distortion"": 0.09693140255877675}]"
primary,trec,151,9,value,K16/V2,16,2,lmsys/longchat-7b-v1.5-32k,72e24f9241451c7aa799dde9773eb52e8ced88af,42,11115,20,"[1, 2, 4, 8, 16]","[1, 2, 4, 8, 16]",5,False,0.11701262691965648,"[{""decode_step"": 1, ""distortion"": 0.13420962115634066}, {""decode_step"": 2, ""distortion"": 0.1003920427431879}, {""decode_step"": 4, ""distortion"": 0.12198621387214366}, {""decode_step"": 8, ""distortion"": 0.11894500414180131}, {""decode_step"": 16, ""distortion"": 0.10953025268480886}]"
primary,lcc,122,9,value,K16/V2,16,2,lmsys/longchat-7b-v1.5-32k,72e24f9241451c7aa799dde9773eb52e8ced88af,42,3489,20,"[1, 2, 4, 8, 16]","[1, 2, 4, 8, 16]",5,False,0.14255078918905797,"[{""decode_step"": 1, ""distortion"": 0.17111766044518767}, {""decode_step"": 2, ""distortion"": 0.17410644751721477}, {""decode_step"": 4, ""distortion"": 0.12021965035176924}, {""decode_step"": 8, ""distortion"": 0.1406841278632918}, {""decode_step"": 16, ""distortion"": 0.1066260597678264}]"
primary,lcc,174,9,value,K16/V2,16,2,lmsys/longchat-7b-v1.5-32k,72e24f9241451c7aa799dde9773eb52e8ced88af,42,2600,20,"[1, 2, 4, 8, 16]","[1, 2, 4, 8, 16]",5,False,0.12061610824909105,"[{""decode_step"": 1, ""distortion"": 0.1277277649472589}, {""decode_step"": 2, ""distortion"": 0.21713779217438314}, {""decode_step"": 4, ""distortion"": 0.05630230759193}, {""decode_step"": 8, ""distortion"": 0.13876730593453637}, {""decode_step"": 16, ""distortion"": 0.0631453705973469}]"
primary,lcc,214,9,value,K16/V2,16,2,lmsys/longchat-7b-v1.5-32k,72e24f9241451c7aa799dde9773eb52e8ced88af,42,5140,20,"[1, 2, 4, 8, 16]","[1, 2, 4, 8, 16]",5,False,0.1003835120247369,"[{""decode_step"": 1, ""distortion"": 0.11761252128214941}, {""decode_step"": 2, ""distortion"": 0.08113819249104252}, {""decode_step"": 4, ""distortion"": 0.10081970031026548}, {""decode_step"": 8, ""distortion"": 0.12669018592138123}, {""decode_step"": 16, ""distortion"": 0.0756569601188459}]"
primary,lcc,357,9,value,K16/V2,16,2,lmsys/longchat-7b-v1.5-32k,72e24f9241451c7aa799dde9773eb52e8ced88af,42,3996,15,"[1, 2, 4, 8, 16]","[1, 2, 4, 8]",4,False,0.12624305368925987,"[{""decode_step"": 1, ""distortion"": 0.1168428473865066}, {""decode_step"": 2, ""distortion"": 0.2368257813511197}, {""decode_step"": 4, ""distortion"": 0.09030375829411326}, {""decode_step"": 8, ""distortion"": 0.06099982772529993}]"
primary,passage_retrieval_en,141,9,value,K16/V2,16,2,lmsys/longchat-7b-v1.5-32k,72e24f9241451c7aa799dde9773eb52e8ced88af,42,13442,5,"[1, 2, 4, 8, 16]","[1, 2, 4]",3,False,0.0969616497886468,"[{""decode_step"": 1, ""distortion"": 0.10644083230373266}, {""decode_step"": 2, ""distortion"": 0.0998928492065519}, {""decode_step"": 4, ""distortion"": 0.08455126785565584}]"
primary,passage_retrieval_en,185,9,value,K16/V2,16,2,lmsys/longchat-7b-v1.5-32k,72e24f9241451c7aa799dde9773eb52e8ced88af,42,13611,6,"[1, 2, 4, 8, 16]","[1, 2, 4]",3,False,0.10311428081589302,"[{""decode_step"": 1, ""distortion"": 0.12605686918002612}, {""decode_step"": 2, ""distortion"": 0.1023440765170237}, {""decode_step"": 4, ""distortion"": 0.08094189675062922}]"
primary,passage_retrieval_en,105,9,value,K16/V2,16,2,lmsys/longchat-7b-v1.5-32k,72e24f9241451c7aa799dde9773eb52e8ced88af,42,15066,5,"[1, 2, 4, 8, 16]","[1, 2, 4]",3,False,0.10386537848867068,"[{""decode_step"": 1, ""distortion"": 0.1321240406790008}, {""decode_step"": 2, ""distortion"": 0.09804922627655505}, {""decode_step"": 4, ""distortion"": 0.08142286851045621}]"
primary,passage_retrieval_en,41,9,value,K16/V2,16,2,lmsys/longchat-7b-v1.5-32k,72e24f9241451c7aa799dde9773eb52e8ced88af,42,15832,6,"[1, 2, 4, 8, 16]","[1, 2, 4]",3,False,0.0943197613307622,"[{""decode_step"": 1, ""distortion"": 0.10877623545246153}, {""decode_step"": 2, ""distortion"": 0.09776813711822151}, {""decode_step"": 4, ""distortion"": 0.07641491142160356}]"
primary,2wikimqa,164,9,value,K16/V2,16,2,lmsys/longchat-7b-v1.5-32k,72e24f9241451c7aa799dde9773eb52e8ced88af,42,5528,20,"[1, 2, 4, 8, 16]","[1, 2, 4, 8, 16]",5,False,0.11134828613290018,"[{""decode_step"": 1, ""distortion"": 0.09372734360700062}, {""decode_step"": 2, ""distortion"": 0.1381407318408111}, {""decode_step"": 4, ""distortion"": 0.07804608204872311}, {""decode_step"": 8, ""distortion"": 0.09870718585745131}, {""decode_step"": 16, ""distortion"": 0.14812008731051468}]"
primary,2wikimqa,44,9,value,K16/V2,16,2,lmsys/longchat-7b-v1.5-32k,72e24f9241451c7aa799dde9773eb52e8ced88af,42,7240,3,"[1, 2, 4, 8, 16]","[1, 2]",2,False,0.13057278944277956,"[{""decode_step"": 1, ""distortion"": 0.1486690441455349}, {""decode_step"": 2, ""distortion"": 0.1124765347400242}]"
primary,2wikimqa,138,9,value,K16/V2,16,2,lmsys/longchat-7b-v1.5-32k,72e24f9241451c7aa799dde9773eb52e8ced88af,42,7852,8,"[1, 2, 4, 8, 16]","[1, 2, 4]",3,False,0.08744526468770886,"[{""decode_step"": 1, ""distortion"": 0.07814472352520602}, {""decode_step"": 2, ""distortion"": 0.11713983000403998}, {""decode_step"": 4, ""distortion"": 0.0670512405338806}]"
primary,2wikimqa,38,9,value,K16/V2,16,2,lmsys/longchat-7b-v1.5-32k,72e24f9241451c7aa799dde9773eb52e8ced88af,42,11086,20,"[1, 2, 4, 8, 16]","[1, 2, 4, 8, 16]",5,False,0.09214222707489059,"[{""decode_step"": 1, ""distortion"": 0.07524789570293794}, {""decode_step"": 2, ""distortion"": 0.10373090148168995}, {""decode_step"": 4, ""distortion"": 0.12684980617403993}, {""decode_step"": 8, ""distortion"": 0.09615959133297589}, {""decode_step"": 16, ""distortion"": 0.05872294068280928}]"
primary,trec,153,13,key,K2/V16,2,16,lmsys/longchat-7b-v1.5-32k,72e24f9241451c7aa799dde9773eb52e8ced88af,42,4325,20,"[1, 2, 4, 8, 16]","[1, 2, 4, 8, 16]",5,False,0.05852148399468608,"[{""decode_step"": 1, ""distortion"": 0.05910158210523736}, {""decode_step"": 2, ""distortion"": 0.058325600884332494}, {""decode_step"": 4, ""distortion"": 0.060244315987304856}, {""decode_step"": 8, ""distortion"": 0.05750973135930857}, {""decode_step"": 16, ""distortion"": 0.057426189637247146}]"
primary,trec,154,13,key,K2/V16,2,16,lmsys/longchat-7b-v1.5-32k,72e24f9241451c7aa799dde9773eb52e8ced88af,42,6881,20,"[1, 2, 4, 8, 16]","[1, 2, 4, 8, 16]",5,False,0.05855543432031285,"[{""decode_step"": 1, ""distortion"": 0.058905074935609675}, {""decode_step"": 2, ""distortion"": 0.05818540366048274}, {""decode_step"": 4, ""distortion"": 0.05954952380794853}, {""decode_step"": 8, ""distortion"": 0.05759867863890206}, {""decode_step"": 16, ""distortion"": 0.058538490558621266}]"
primary,trec,82,13,key,K2/V16,2,16,lmsys/longchat-7b-v1.5-32k,72e24f9241451c7aa799dde9773eb52e8ced88af,42,8914,20,"[1, 2, 4, 8, 16]","[1, 2, 4, 8, 16]",5,False,0.0585407795793109,"[{""decode_step"": 1, ""distortion"": 0.06029830328970424}, {""decode_step"": 2, ""distortion"": 0.0609137872384653}, {""decode_step"": 4, ""distortion"": 0.05593113632539912}, {""decode_step"": 8, ""distortion"": 0.05715773041930047}, {""decode_step"": 16, ""distortion"": 0.05840294062368539}]"
primary,trec,151,13,key,K2/V16,2,16,lmsys/longchat-7b-v1.5-32k,72e24f9241451c7aa799dde9773eb52e8ced88af,42,11115,20,"[1, 2, 4, 8, 16]","[1, 2, 4, 8, 16]",5,False,0.05850357885525993,"[{""decode_step"": 1, ""distortion"": 0.05990509355495579}, {""decode_step"": 2, ""distortion"": 0.059305869168757776}, {""decode_step"": 4, ""distortion"": 0.060549626942507005}, {""decode_step"": 8, ""distortion"": 0.05672607867669975}, {""decode_step"": 16, ""distortion"": 0.05603122593337933}]"
primary,lcc,122,13,key,K2/V16,2,16,lmsys/longchat-7b-v1.5-32k,72e24f9241451c7aa799dde9773eb52e8ced88af,42,3489,20,"[1, 2, 4, 8, 16]","[1, 2, 4, 8, 16]",5,False,0.06282152514174898,"[{""decode_step"": 1, ""distortion"": 0.06080690986258164}, {""decode_step"": 2, ""distortion"": 0.06340741488679218}, {""decode_step"": 4, ""distortion"": 0.06918335805121464}, {""decode_step"": 8, ""distortion"": 0.06084008988865558}, {""decode_step"": 16, ""distortion"": 0.05986985301950085}]"
primary,lcc,174,13,key,K2/V16,2,16,lmsys/longchat-7b-v1.5-32k,72e24f9241451c7aa799dde9773eb52e8ced88af,42,2600,20,"[1, 2, 4, 8, 16]","[1, 2, 4, 8, 16]",5,False,0.05691383170646541,"[{""decode_step"": 1, ""distortion"": 0.0542607270986325}, {""decode_step"": 2, ""distortion"": 0.05273404948833939}, {""decode_step"": 4, ""distortion"": 0.05838980741970567}, {""decode_step"": 8, ""distortion"": 0.06358649403059627}, {""decode_step"": 16, ""distortion"": 0.055598080495053236}]"
primary,lcc,214,13,key,K2/V16,2,16,lmsys/longchat-7b-v1.5-32k,72e24f9241451c7aa799dde9773eb52e8ced88af,42,5140,20,"[1, 2, 4, 8, 16]","[1, 2, 4, 8, 16]",5,False,0.060165904438027495,"[{""decode_step"": 1, ""distortion"": 0.05619952099126498}, {""decode_step"": 2, ""distortion"": 0.06095094617649348}, {""decode_step"": 4, ""distortion"": 0.06075232463506395}, {""decode_step"": 8, ""distortion"": 0.06326669939728886}, {""decode_step"": 16, ""distortion"": 0.05966003099002618}]"
primary,lcc,357,13,key,K2/V16,2,16,lmsys/longchat-7b-v1.5-32k,72e24f9241451c7aa799dde9773eb52e8ced88af,42,3996,15,"[1, 2, 4, 8, 16]","[1, 2, 4, 8]",4,False,0.05831003229339378,"[{""decode_step"": 1, ""distortion"": 0.05749604038020821}, {""decode_step"": 2, ""distortion"": 0.05515305400505465}, {""decode_step"": 4, ""distortion"": 0.06039427558526458}, {""decode_step"": 8, ""distortion"": 0.06019675920304768}]"
primary,passage_retrieval_en,141,13,key,K2/V16,2,16,lmsys/longchat-7b-v1.5-32k,72e24f9241451c7aa799dde9773eb52e8ced88af,42,13442,5,"[1, 2, 4, 8, 16]","[1, 2, 4]",3,False,0.05024244979756942,"[{""decode_step"": 1, ""distortion"": 0.05062559865307307}, {""decode_step"": 2, ""distortion"": 0.05054930506729691}, {""decode_step"": 4, ""distortion"": 0.049552445672338304}]"
primary,passage_retrieval_en,185,13,key,K2/V16,2,16,lmsys/longchat-7b-v1.5-32k,72e24f9241451c7aa799dde9773eb52e8ced88af,42,13611,6,"[1, 2, 4, 8, 16]","[1, 2, 4]",3,False,0.05119387263239474,"[{""decode_step"": 1, ""distortion"": 0.05066462876525005}, {""decode_step"": 2, ""distortion"": 0.05091491437679237}, {""decode_step"": 4, ""distortion"": 0.05200207475514179}]"
primary,passage_retrieval_en,105,13,key,K2/V16,2,16,lmsys/longchat-7b-v1.5-32k,72e24f9241451c7aa799dde9773eb52e8ced88af,42,15066,5,"[1, 2, 4, 8, 16]","[1, 2, 4]",3,False,0.05025519573192583,"[{""decode_step"": 1, ""distortion"": 0.05062248206587465}, {""decode_step"": 2, ""distortion"": 0.050432303710625175}, {""decode_step"": 4, ""distortion"": 0.04971080141927765}]"
primary,passage_retrieval_en,41,13,key,K2/V16,2,16,lmsys/longchat-7b-v1.5-32k,72e24f9241451c7aa799dde9773eb52e8ced88af,42,15832,6,"[1, 2, 4, 8, 16]","[1, 2, 4]",3,False,0.0510853829749623,"[{""decode_step"": 1, ""distortion"": 0.05030919983787854}, {""decode_step"": 2, ""distortion"": 0.05056516304458059}, {""decode_step"": 4, ""distortion"": 0.05238178604242777}]"
primary,2wikimqa,164,13,key,K2/V16,2,16,lmsys/longchat-7b-v1.5-32k,72e24f9241451c7aa799dde9773eb52e8ced88af,42,5528,20,"[1, 2, 4, 8, 16]","[1, 2, 4, 8, 16]",5,False,0.05396091677773982,"[{""decode_step"": 1, ""distortion"": 0.051278050978695006}, {""decode_step"": 2, ""distortion"": 0.0563788737940302}, {""decode_step"": 4, ""distortion"": 0.054850211929878316}, {""decode_step"": 8, ""distortion"": 0.05076035129069583}, {""decode_step"": 16, ""distortion"": 0.05653709589539975}]"
primary,2wikimqa,44,13,key,K2/V16,2,16,lmsys/longchat-7b-v1.5-32k,72e24f9241451c7aa799dde9773eb52e8ced88af,42,7240,3,"[1, 2, 4, 8, 16]","[1, 2]",2,False,0.0516416781061765,"[{""decode_step"": 1, ""distortion"": 0.05186911210213703}, {""decode_step"": 2, ""distortion"": 0.05141424411021597}]"
primary,2wikimqa,138,13,key,K2/V16,2,16,lmsys/longchat-7b-v1.5-32k,72e24f9241451c7aa799dde9773eb52e8ced88af,42,7852,8,"[1, 2, 4, 8, 16]","[1, 2, 4]",3,False,0.049439421998625305,"[{""decode_step"": 1, ""distortion"": 0.04986545217576637}, {""decode_step"": 2, ""distortion"": 0.049621238438863534}, {""decode_step"": 4, ""distortion"": 0.048831575381246016}]"
primary,2wikimqa,38,13,key,K2/V16,2,16,lmsys/longchat-7b-v1.5-32k,72e24f9241451c7aa799dde9773eb52e8ced88af,42,11086,20,"[1, 2, 4, 8, 16]","[1, 2, 4, 8, 16]",5,False,0.05064864413969605,"[{""decode_step"": 1, ""distortion"": 0.04827780822230516}, {""decode_step"": 2, ""distortion"": 0.05064768077105949}, {""decode_step"": 4, ""distortion"": 0.05083274712370996}, {""decode_step"": 8, ""distortion"": 0.05107945710080429}, {""decode_step"": 16, ""distortion"": 0.05240552748060139}]"
primary,trec,153,13,value,K16/V2,16,2,lmsys/longchat-7b-v1.5-32k,72e24f9241451c7aa799dde9773eb52e8ced88af,42,4325,20,"[1, 2, 4, 8, 16]","[1, 2, 4, 8, 16]",5,False,0.1182575039255402,"[{""decode_step"": 1, ""distortion"": 0.09972702234655836}, {""decode_step"": 2, ""distortion"": 0.12371122855902007}, {""decode_step"": 4, ""distortion"": 0.07141470556819463}, {""decode_step"": 8, ""distortion"": 0.15825823294623734}, {""decode_step"": 16, ""distortion"": 0.13817633020769057}]"
primary,trec,154,13,value,K16/V2,16,2,lmsys/longchat-7b-v1.5-32k,72e24f9241451c7aa799dde9773eb52e8ced88af,42,6881,20,"[1, 2, 4, 8, 16]","[1, 2, 4, 8, 16]",5,False,0.1040841611328466,"[{""decode_step"": 1, ""distortion"": 0.07534130644876239}, {""decode_step"": 2, ""distortion"": 0.07494309183445921}, {""decode_step"": 4, ""distortion"": 0.13829242762139216}, {""decode_step"": 8, ""distortion"": 0.1510188558100184}, {""decode_step"": 16, ""distortion"": 0.08082512394960086}]"
primary,trec,82,13,value,K16/V2,16,2,lmsys/longchat-7b-v1.5-32k,72e24f9241451c7aa799dde9773eb52e8ced88af,42,8914,20,"[1, 2, 4, 8, 16]","[1, 2, 4, 8, 16]",5,False,0.10172630081420315,"[{""decode_step"": 1, ""distortion"": 0.08796804559787676}, {""decode_step"": 2, ""distortion"": 0.061850413515749054}, {""decode_step"": 4, ""distortion"": 0.14349089022182504}, {""decode_step"": 8, ""distortion"": 0.15349891644765482}, {""decode_step"": 16, ""distortion"": 0.061823238287910046}]"
primary,trec,151,13,value,K16/V2,16,2,lmsys/longchat-7b-v1.5-32k,72e24f9241451c7aa799dde9773eb52e8ced88af,42,11115,20,"[1, 2, 4, 8, 16]","[1, 2, 4, 8, 16]",5,False,0.1260975139487876,"[{""decode_step"": 1, ""distortion"": 0.08729750039717361}, {""decode_step"": 2, ""distortion"": 0.07950065770848581}, {""decode_step"": 4, ""distortion"": 0.1826322216082181}, {""decode_step"": 8, ""distortion"": 0.15011552224219388}, {""decode_step"": 16, ""distortion"": 0.13094166778786656}]"
primary,lcc,122,13,value,K16/V2,16,2,lmsys/longchat-7b-v1.5-32k,72e24f9241451c7aa799dde9773eb52e8ced88af,42,3489,20,"[1, 2, 4, 8, 16]","[1, 2, 4, 8, 16]",5,False,0.1109905790200911,"[{""decode_step"": 1, ""distortion"": 0.143075362428279}, {""decode_step"": 2, ""distortion"": 0.1286681408009346}, {""decode_step"": 4, ""distortion"": 0.07847732510255877}, {""decode_step"": 8, ""distortion"": 0.10304057513398855}, {""decode_step"": 16, ""distortion"": 0.10169149163469457}]"
primary,lcc,174,13,value,K16/V2,16,2,lmsys/longchat-7b-v1.5-32k,72e24f9241451c7aa799dde9773eb52e8ced88af,42,2600,20,"[1, 2, 4, 8, 16]","[1, 2, 4, 8, 16]",5,False,0.13725434722738467,"[{""decode_step"": 1, ""distortion"": 0.16865744037782465}, {""decode_step"": 2, ""distortion"": 0.2702710799877919}, {""decode_step"": 4, ""distortion"": 0.07457832999484354}, {""decode_step"": 8, ""distortion"": 0.11495005370853652}, {""decode_step"": 16, ""distortion"": 0.0578148320679268}]"
primary,lcc,214,13,value,K16/V2,16,2,lmsys/longchat-7b-v1.5-32k,72e24f9241451c7aa799dde9773eb52e8ced88af,42,5140,20,"[1, 2, 4, 8, 16]","[1, 2, 4, 8, 16]",5,False,0.10742319621127397,"[{""decode_step"": 1, ""distortion"": 0.16927645003268021}, {""decode_step"": 2, ""distortion"": 0.10161300762959855}, {""decode_step"": 4, ""distortion"": 0.08334602576287911}, {""decode_step"": 8, ""distortion"": 0.11639423065029691}, {""decode_step"": 16, ""distortion"": 0.066486266980915}]"
primary,lcc,357,13,value,K16/V2,16,2,lmsys/longchat-7b-v1.5-32k,72e24f9241451c7aa799dde9773eb52e8ced88af,42,3996,15,"[1, 2, 4, 8, 16]","[1, 2, 4, 8]",4,False,0.1349055675102513,"[{""decode_step"": 1, ""distortion"": 0.14572982335261211}, {""decode_step"": 2, ""distortion"": 0.24979892035651907}, {""decode_step"": 4, ""distortion"": 0.07691753526621099}, {""decode_step"": 8, ""distortion"": 0.06717599106566292}]"
primary,passage_retrieval_en,141,13,value,K16/V2,16,2,lmsys/longchat-7b-v1.5-32k,72e24f9241451c7aa799dde9773eb52e8ced88af,42,13442,5,"[1, 2, 4, 8, 16]","[1, 2, 4]",3,False,0.09806992206837455,"[{""decode_step"": 1, ""distortion"": 0.09108589077249774}, {""decode_step"": 2, ""distortion"": 0.10009662727661281}, {""decode_step"": 4, ""distortion"": 0.10302724815601307}]"
primary,passage_retrieval_en,185,13,value,K16/V2,16,2,lmsys/longchat-7b-v1.5-32k,72e24f9241451c7aa799dde9773eb52e8ced88af,42,13611,6,"[1, 2, 4, 8, 16]","[1, 2, 4]",3,False,0.10301678915456197,"[{""decode_step"": 1, ""distortion"": 0.09017959355109419}, {""decode_step"": 2, ""distortion"": 0.08896274717620467}, {""decode_step"": 4, ""distortion"": 0.12990802673638704}]"
primary,passage_retrieval_en,105,13,value,K16/V2,16,2,lmsys/longchat-7b-v1.5-32k,72e24f9241451c7aa799dde9773eb52e8ced88af,42,15066,5,"[1, 2, 4, 8, 16]","[1, 2, 4]",3,False,0.09707723863589968,"[{""decode_step"": 1, ""distortion"": 0.0927483714886877}, {""decode_step"": 2, ""distortion"": 0.10653174372580944}, {""decode_step"": 4, ""distortion"": 0.09195160069320192}]"
primary,passage_retrieval_en,41,13,value,K16/V2,16,2,lmsys/longchat-7b-v1.5-32k,72e24f9241451c7aa799dde9773eb52e8ced88af,42,15832,6,"[1, 2, 4, 8, 16]","[1, 2, 4]",3,False,0.108040781012205,"[{""decode_step"": 1, ""distortion"": 0.09585263434441006}, {""decode_step"": 2, ""distortion"": 0.09131686238399152}, {""decode_step"": 4, ""distortion"": 0.13695284630821342}]"
primary,2wikimqa,164,13,value,K16/V2,16,2,lmsys/longchat-7b-v1.5-32k,72e24f9241451c7aa799dde9773eb52e8ced88af,42,5528,20,"[1, 2, 4, 8, 16]","[1, 2, 4, 8, 16]",5,False,0.14430319076327452,"[{""decode_step"": 1, ""distortion"": 0.15743822017042822}, {""decode_step"": 2, ""distortion"": 0.13474125248761884}, {""decode_step"": 4, ""distortion"": 0.13196082642945456}, {""decode_step"": 8, ""distortion"": 0.17236861994667005}, {""decode_step"": 16, ""distortion"": 0.1250070347822009}]"
primary,2wikimqa,44,13,value,K16/V2,16,2,lmsys/longchat-7b-v1.5-32k,72e24f9241451c7aa799dde9773eb52e8ced88af,42,7240,3,"[1, 2, 4, 8, 16]","[1, 2]",2,False,0.1506398266303736,"[{""decode_step"": 1, ""distortion"": 0.1894968461960937}, {""decode_step"": 2, ""distortion"": 0.11178280706465349}]"
primary,2wikimqa,138,13,value,K16/V2,16,2,lmsys/longchat-7b-v1.5-32k,72e24f9241451c7aa799dde9773eb52e8ced88af,42,7852,8,"[1, 2, 4, 8, 16]","[1, 2, 4]",3,False,0.16315845101309492,"[{""decode_step"": 1, ""distortion"": 0.17421915993391768}, {""decode_step"": 2, ""distortion"": 0.182993488551086}, {""decode_step"": 4, ""distortion"": 0.1322627045542811}]"
primary,2wikimqa,38,13,value,K16/V2,16,2,lmsys/longchat-7b-v1.5-32k,72e24f9241451c7aa799dde9773eb52e8ced88af,42,11086,20,"[1, 2, 4, 8, 16]","[1, 2, 4, 8, 16]",5,False,0.1619882678030315,"[{""decode_step"": 1, ""distortion"": 0.15833374264362166}, {""decode_step"": 2, ""distortion"": 0.20945813729072374}, {""decode_step"": 4, ""distortion"": 0.16325504902892868}, {""decode_step"": 8, ""distortion"": 0.16814733041500218}, {""decode_step"": 16, ""distortion"": 0.11074707963688121}]"
primary,trec,153,18,key,K2/V16,2,16,lmsys/longchat-7b-v1.5-32k,72e24f9241451c7aa799dde9773eb52e8ced88af,42,4325,20,"[1, 2, 4, 8, 16]","[1, 2, 4, 8, 16]",5,False,0.05071324425950059,"[{""decode_step"": 1, ""distortion"": 0.05008511107378074}, {""decode_step"": 2, ""distortion"": 0.05405509280614664}, {""decode_step"": 4, ""distortion"": 0.053067914298249544}, {""decode_step"": 8, ""distortion"": 0.04954764968987842}, {""decode_step"": 16, ""distortion"": 0.04681045342944758}]"
primary,trec,154,18,key,K2/V16,2,16,lmsys/longchat-7b-v1.5-32k,72e24f9241451c7aa799dde9773eb52e8ced88af,42,6881,20,"[1, 2, 4, 8, 16]","[1, 2, 4, 8, 16]",5,False,0.0506515047456116,"[{""decode_step"": 1, ""distortion"": 0.052623825046705396}, {""decode_step"": 2, ""distortion"": 0.04940315357135887}, {""decode_step"": 4, ""distortion"": 0.05030869441524954}, {""decode_step"": 8, ""distortion"": 0.048704090167749944}, {""decode_step"": 16, ""distortion"": 0.05221776052699426}]"
primary,trec,82,18,key,K2/V16,2,16,lmsys/longchat-7b-v1.5-32k,72e24f9241451c7aa799dde9773eb52e8ced88af,42,8914,20,"[1, 2, 4, 8, 16]","[1, 2, 4, 8, 16]",5,False,0.048902131073738336,"[{""decode_step"": 1, ""distortion"": 0.04990882789525978}, {""decode_step"": 2, ""distortion"": 0.052437840942014424}, {""decode_step"": 4, ""distortion"": 0.048215203902889636}, {""decode_step"": 8, ""distortion"": 0.04625036242581688}, {""decode_step"": 16, ""distortion"": 0.04769842020271097}]"
primary,trec,151,18,key,K2/V16,2,16,lmsys/longchat-7b-v1.5-32k,72e24f9241451c7aa799dde9773eb52e8ced88af,42,11115,20,"[1, 2, 4, 8, 16]","[1, 2, 4, 8, 16]",5,False,0.05026787327944528,"[{""decode_step"": 1, ""distortion"": 0.054739136610605414}, {""decode_step"": 2, ""distortion"": 0.04955577621448323}, {""decode_step"": 4, ""distortion"": 0.05074720484390679}, {""decode_step"": 8, ""distortion"": 0.049054668151059085}, {""decode_step"": 16, ""distortion"": 0.04724258057717184}]"
primary,lcc,122,18,key,K2/V16,2,16,lmsys/longchat-7b-v1.5-32k,72e24f9241451c7aa799dde9773eb52e8ced88af,42,3489,20,"[1, 2, 4, 8, 16]","[1, 2, 4, 8, 16]",5,False,0.055073476811850444,"[{""decode_step"": 1, ""distortion"": 0.055030332550669685}, {""decode_step"": 2, ""distortion"": 0.05592369668043162}, {""decode_step"": 4, ""distortion"": 0.05626501681966372}, {""decode_step"": 8, ""distortion"": 0.053587874224798285}, {""decode_step"": 16, ""distortion"": 0.054560463783688874}]"
primary,lcc,174,18,key,K2/V16,2,16,lmsys/longchat-7b-v1.5-32k,72e24f9241451c7aa799dde9773eb52e8ced88af,42,2600,20,"[1, 2, 4, 8, 16]","[1, 2, 4, 8, 16]",5,False,0.0489962919719342,"[{""decode_step"": 1, ""distortion"": 0.04839874199044261}, {""decode_step"": 2, ""distortion"": 0.046374822540544244}, {""decode_step"": 4, ""distortion"": 0.05275160086734216}, {""decode_step"": 8, ""distortion"": 0.05031156020444991}, {""decode_step"": 16, ""distortion"": 0.04714473425689206}]"
primary,lcc,214,18,key,K2/V16,2,16,lmsys/longchat-7b-v1.5-32k,72e24f9241451c7aa799dde9773eb52e8ced88af,42,5140,20,"[1, 2, 4, 8, 16]","[1, 2, 4, 8, 16]",5,False,0.05230609298540871,"[{""decode_step"": 1, ""distortion"": 0.04926576882611592}, {""decode_step"": 2, ""distortion"": 0.05244072404084327}, {""decode_step"": 4, ""distortion"": 0.05280893729315241}, {""decode_step"": 8, ""distortion"": 0.053529821331102186}, {""decode_step"": 16, ""distortion"": 0.053485213435829806}]"
primary,lcc,357,18,key,K2/V16,2,16,lmsys/longchat-7b-v1.5-32k,72e24f9241451c7aa799dde9773eb52e8ced88af,42,3996,15,"[1, 2, 4, 8, 16]","[1, 2, 4, 8]",4,False,0.049092485966396204,"[{""decode_step"": 1, ""distortion"": 0.048596158187770196}, {""decode_step"": 2, ""distortion"": 0.04556864352346662}, {""decode_step"": 4, ""distortion"": 0.051080640840500784}, {""decode_step"": 8, ""distortion"": 0.05112450131384721}]"
primary,passage_retrieval_en,141,18,key,K2/V16,2,16,lmsys/longchat-7b-v1.5-32k,72e24f9241451c7aa799dde9773eb52e8ced88af,42,13442,5,"[1, 2, 4, 8, 16]","[1, 2, 4]",3,False,0.04506127348580083,"[{""decode_step"": 1, ""distortion"": 0.043142274472975604}, {""decode_step"": 2, ""distortion"": 0.04578022211143456}, {""decode_step"": 4, ""distortion"": 0.04626132387299232}]"
primary,passage_retrieval_en,185,18,key,K2/V16,2,16,lmsys/longchat-7b-v1.5-32k,72e24f9241451c7aa799dde9773eb52e8ced88af,42,13611,6,"[1, 2, 4, 8, 16]","[1, 2, 4]",3,False,0.04634126300425709,"[{""decode_step"": 1, ""distortion"": 0.043753093822669835}, {""decode_step"": 2, ""distortion"": 0.04666707883371985}, {""decode_step"": 4, ""distortion"": 0.04860361635638157}]"
primary,passage_retrieval_en,105,18,key,K2/V16,2,16,lmsys/longchat-7b-v1.5-32k,72e24f9241451c7aa799dde9773eb52e8ced88af,42,15066,5,"[1, 2, 4, 8, 16]","[1, 2, 4]",3,False,0.0463289018369481,"[{""decode_step"": 1, ""distortion"": 0.04408849203152117}, {""decode_step"": 2, ""distortion"": 0.046954208279410464}, {""decode_step"": 4, ""distortion"": 0.04794400519991267}]"
primary,passage_retrieval_en,41,18,key,K2/V16,2,16,lmsys/longchat-7b-v1.5-32k,72e24f9241451c7aa799dde9773eb52e8ced88af,42,15832,6,"[1, 2, 4, 8, 16]","[1, 2, 4]",3,False,0.04716668882891636,"[{""decode_step"": 1, ""distortion"": 0.044272945883611824}, {""decode_step"": 2, ""distortion"": 0.047171476965407494}, {""decode_step"": 4, ""distortion"": 0.05005564363772975}]"
primary,2wikimqa,164,18,key,K2/V16,2,16,lmsys/longchat-7b-v1.5-32k,72e24f9241451c7aa799dde9773eb52e8ced88af,42,5528,20,"[1, 2, 4, 8, 16]","[1, 2, 4, 8, 16]",5,False,0.04812366027263308,"[{""decode_step"": 1, ""distortion"": 0.04407041470889236}, {""decode_step"": 2, ""distortion"": 0.04787366642528193}, {""decode_step"": 4, ""distortion"": 0.04774483207556579}, {""decode_step"": 8, ""distortion"": 0.04751465750098954}, {""decode_step"": 16, ""distortion"": 0.053414730652435786}]"
primary,2wikimqa,44,18,key,K2/V16,2,16,lmsys/longchat-7b-v1.5-32k,72e24f9241451c7aa799dde9773eb52e8ced88af,42,7240,3,"[1, 2, 4, 8, 16]","[1, 2]",2,False,0.04536836316100887,"[{""decode_step"": 1, ""distortion"": 0.04333218775572663}, {""decode_step"": 2, ""distortion"": 0.04740453856629111}]"
primary,2wikimqa,138,18,key,K2/V16,2,16,lmsys/longchat-7b-v1.5-32k,72e24f9241451c7aa799dde9773eb52e8ced88af,42,7852,8,"[1, 2, 4, 8, 16]","[1, 2, 4]",3,False,0.04454341909098972,"[{""decode_step"": 1, ""distortion"": 0.04580197891823538}, {""decode_step"": 2, ""distortion"": 0.04261872466631681}, {""decode_step"": 4, ""distortion"": 0.045209553688417004}]"
primary,2wikimqa,38,18,key,K2/V16,2,16,lmsys/longchat-7b-v1.5-32k,72e24f9241451c7aa799dde9773eb52e8ced88af,42,11086,20,"[1, 2, 4, 8, 16]","[1, 2, 4, 8, 16]",5,False,0.044315693635997765,"[{""decode_step"": 1, ""distortion"": 0.042599926272782376}, {""decode_step"": 2, ""distortion"": 0.04311885636988918}, {""decode_step"": 4, ""distortion"": 0.04517390576901021}, {""decode_step"": 8, ""distortion"": 0.04529829055905473}, {""decode_step"": 16, ""distortion"": 0.04538748920925235}]"
primary,trec,153,18,value,K16/V2,16,2,lmsys/longchat-7b-v1.5-32k,72e24f9241451c7aa799dde9773eb52e8ced88af,42,4325,20,"[1, 2, 4, 8, 16]","[1, 2, 4, 8, 16]",5,False,0.14114836769300362,"[{""decode_step"": 1, ""distortion"": 0.11942166437378257}, {""decode_step"": 2, ""distortion"": 0.1430284725667978}, {""decode_step"": 4, ""distortion"": 0.12288508722834811}, {""decode_step"": 8, ""distortion"": 0.13093942568185873}, {""decode_step"": 16, ""distortion"": 0.18946718861423092}]"
primary,trec,154,18,value,K16/V2,16,2,lmsys/longchat-7b-v1.5-32k,72e24f9241451c7aa799dde9773eb52e8ced88af,42,6881,20,"[1, 2, 4, 8, 16]","[1, 2, 4, 8, 16]",5,False,0.12554793141890366,"[{""decode_step"": 1, ""distortion"": 0.12710619722354835}, {""decode_step"": 2, ""distortion"": 0.0833126429369326}, {""decode_step"": 4, ""distortion"": 0.08982643204779929}, {""decode_step"": 8, ""distortion"": 0.17578547618693036}, {""decode_step"": 16, ""distortion"": 0.15170890869930767}]"
primary,trec,82,18,value,K16/V2,16,2,lmsys/longchat-7b-v1.5-32k,72e24f9241451c7aa799dde9773eb52e8ced88af,42,8914,20,"[1, 2, 4, 8, 16]","[1, 2, 4, 8, 16]",5,False,0.16039736889794137,"[{""decode_step"": 1, ""distortion"": 0.12338160589746965}, {""decode_step"": 2, ""distortion"": 0.10621218372862468}, {""decode_step"": 4, ""distortion"": 0.16665290613224143}, {""decode_step"": 8, ""distortion"": 0.22712829935890907}, {""decode_step"": 16, ""distortion"": 0.1786118493724621}]"
primary,trec,151,18,value,K16/V2,16,2,lmsys/longchat-7b-v1.5-32k,72e24f9241451c7aa799dde9773eb52e8ced88af,42,11115,20,"[1, 2, 4, 8, 16]","[1, 2, 4, 8, 16]",5,False,0.12466902767612824,"[{""decode_step"": 1, ""distortion"": 0.13281308282476295}, {""decode_step"": 2, ""distortion"": 0.1013016463051241}, {""decode_step"": 4, ""distortion"": 0.1047812708837852}, {""decode_step"": 8, ""distortion"": 0.15526871755750168}, {""decode_step"": 16, ""distortion"": 0.12918042080946726}]"
primary,lcc,122,18,value,K16/V2,16,2,lmsys/longchat-7b-v1.5-32k,72e24f9241451c7aa799dde9773eb52e8ced88af,42,3489,20,"[1, 2, 4, 8, 16]","[1, 2, 4, 8, 16]",5,False,0.10116733131554059,"[{""decode_step"": 1, ""distortion"": 0.09791290118941132}, {""decode_step"": 2, ""distortion"": 0.08467995814555337}, {""decode_step"": 4, ""distortion"": 0.04933529772833435}, {""decode_step"": 8, ""distortion"": 0.123085006012639}, {""decode_step"": 16, ""distortion"": 0.15082349350176485}]"
primary,lcc,174,18,value,K16/V2,16,2,lmsys/longchat-7b-v1.5-32k,72e24f9241451c7aa799dde9773eb52e8ced88af,42,2600,20,"[1, 2, 4, 8, 16]","[1, 2, 4, 8, 16]",5,False,0.07752392476823351,"[{""decode_step"": 1, ""distortion"": 0.08547062443307776}, {""decode_step"": 2, ""distortion"": 0.11387228091025305}, {""decode_step"": 4, ""distortion"": 0.051965336223948624}, {""decode_step"": 8, ""distortion"": 0.07912600279396466}, {""decode_step"": 16, ""distortion"": 0.05718537947992346}]"
primary,lcc,214,18,value,K16/V2,16,2,lmsys/longchat-7b-v1.5-32k,72e24f9241451c7aa799dde9773eb52e8ced88af,42,5140,20,"[1, 2, 4, 8, 16]","[1, 2, 4, 8, 16]",5,False,0.11785041508699087,"[{""decode_step"": 1, ""distortion"": 0.10405842564090119}, {""decode_step"": 2, ""distortion"": 0.2550832236911833}, {""decode_step"": 4, ""distortion"": 0.08790693476352165}, {""decode_step"": 8, ""distortion"": 0.08338746930846505}, {""decode_step"": 16, ""distortion"": 0.05881602203088321}]"
primary,lcc,357,18,value,K16/V2,16,2,lmsys/longchat-7b-v1.5-32k,72e24f9241451c7aa799dde9773eb52e8ced88af,42,3996,15,"[1, 2, 4, 8, 16]","[1, 2, 4, 8]",4,False,0.1016175749865913,"[{""decode_step"": 1, ""distortion"": 0.10334982602501604}, {""decode_step"": 2, ""distortion"": 0.13005237800649366}, {""decode_step"": 4, ""distortion"": 0.07104893417489991}, {""decode_step"": 8, ""distortion"": 0.10201916173995558}]"
primary,passage_retrieval_en,141,18,value,K16/V2,16,2,lmsys/longchat-7b-v1.5-32k,72e24f9241451c7aa799dde9773eb52e8ced88af,42,13442,5,"[1, 2, 4, 8, 16]","[1, 2, 4]",3,False,0.08583664919067226,"[{""decode_step"": 1, ""distortion"": 0.09805049789114126}, {""decode_step"": 2, ""distortion"": 0.08306135178006167}, {""decode_step"": 4, ""distortion"": 0.07639809790081385}]"
primary,passage_retrieval_en,185,18,value,K16/V2,16,2,lmsys/longchat-7b-v1.5-32k,72e24f9241451c7aa799dde9773eb52e8ced88af,42,13611,6,"[1, 2, 4, 8, 16]","[1, 2, 4]",3,False,0.10134593662508289,"[{""decode_step"": 1, ""distortion"": 0.10173068264551922}, {""decode_step"": 2, ""distortion"": 0.08179752740042731}, {""decode_step"": 4, ""distortion"": 0.1205095998293021}]"
primary,passage_retrieval_en,105,18,value,K16/V2,16,2,lmsys/longchat-7b-v1.5-32k,72e24f9241451c7aa799dde9773eb52e8ced88af,42,15066,5,"[1, 2, 4, 8, 16]","[1, 2, 4]",3,False,0.09198280752056158,"[{""decode_step"": 1, ""distortion"": 0.10731813905201078}, {""decode_step"": 2, ""distortion"": 0.09248132876892999}, {""decode_step"": 4, ""distortion"": 0.07614895474074393}]"
primary,passage_retrieval_en,41,18,value,K16/V2,16,2,lmsys/longchat-7b-v1.5-32k,72e24f9241451c7aa799dde9773eb52e8ced88af,42,15832,6,"[1, 2, 4, 8, 16]","[1, 2, 4]",3,False,0.11519767702038973,"[{""decode_step"": 1, ""distortion"": 0.10575174878892986}, {""decode_step"": 2, ""distortion"": 0.09458793836250845}, {""decode_step"": 4, ""distortion"": 0.14525334390973085}]"
primary,2wikimqa,164,18,value,K16/V2,16,2,lmsys/longchat-7b-v1.5-32k,72e24f9241451c7aa799dde9773eb52e8ced88af,42,5528,20,"[1, 2, 4, 8, 16]","[1, 2, 4, 8, 16]",5,False,0.1578906296278269,"[{""decode_step"": 1, ""distortion"": 0.18075126181961165}, {""decode_step"": 2, ""distortion"": 0.06213190361973289}, {""decode_step"": 4, ""distortion"": 0.12841237919920998}, {""decode_step"": 8, ""distortion"": 0.14222398112158008}, {""decode_step"": 16, ""distortion"": 0.275933622379}]"
primary,2wikimqa,44,18,value,K16/V2,16,2,lmsys/longchat-7b-v1.5-32k,72e24f9241451c7aa799dde9773eb52e8ced88af,42,7240,3,"[1, 2, 4, 8, 16]","[1, 2]",2,False,0.16321610168635073,"[{""decode_step"": 1, ""distortion"": 0.1822089998615938}, {""decode_step"": 2, ""distortion"": 0.14422320351110765}]"
primary,2wikimqa,138,18,value,K16/V2,16,2,lmsys/longchat-7b-v1.5-32k,72e24f9241451c7aa799dde9773eb52e8ced88af,42,7852,8,"[1, 2, 4, 8, 16]","[1, 2, 4]",3,False,0.1069168720988614,"[{""decode_step"": 1, ""distortion"": 0.08818944110429418}, {""decode_step"": 2, ""distortion"": 0.1477866787810081}, {""decode_step"": 4, ""distortion"": 0.08477449641128193}]"
primary,2wikimqa,38,18,value,K16/V2,16,2,lmsys/longchat-7b-v1.5-32k,72e24f9241451c7aa799dde9773eb52e8ced88af,42,11086,20,"[1, 2, 4, 8, 16]","[1, 2, 4, 8, 16]",5,False,0.10178704539403911,"[{""decode_step"": 1, ""distortion"": 0.15368924507049822}, {""decode_step"": 2, ""distortion"": 0.09106098062727648}, {""decode_step"": 4, ""distortion"": 0.061740258359347835}, {""decode_step"": 8, ""distortion"": 0.12968309689074903}, {""decode_step"": 16, ""distortion"": 0.07276164602232403}]"
primary,trec,153,22,key,K2/V16,2,16,lmsys/longchat-7b-v1.5-32k,72e24f9241451c7aa799dde9773eb52e8ced88af,42,4325,20,"[1, 2, 4, 8, 16]","[1, 2, 4, 8, 16]",5,False,0.05640152031353245,"[{""decode_step"": 1, ""distortion"": 0.05681461805651494}, {""decode_step"": 2, ""distortion"": 0.05751925852249453}, {""decode_step"": 4, ""distortion"": 0.06163830848226494}, {""decode_step"": 8, ""distortion"": 0.0560455183781807}, {""decode_step"": 16, ""distortion"": 0.049989898128207165}]"
primary,trec,154,22,key,K2/V16,2,16,lmsys/longchat-7b-v1.5-32k,72e24f9241451c7aa799dde9773eb52e8ced88af,42,6881,20,"[1, 2, 4, 8, 16]","[1, 2, 4, 8, 16]",5,False,0.057534023631807374,"[{""decode_step"": 1, ""distortion"": 0.059377449412962774}, {""decode_step"": 2, ""distortion"": 0.05717321477140858}, {""decode_step"": 4, ""distortion"": 0.057509247142773105}, {""decode_step"": 8, ""distortion"": 0.05587079619026326}, {""decode_step"": 16, ""distortion"": 0.057739410641629144}]"
primary,trec,82,22,key,K2/V16,2,16,lmsys/longchat-7b-v1.5-32k,72e24f9241451c7aa799dde9773eb52e8ced88af,42,8914,20,"[1, 2, 4, 8, 16]","[1, 2, 4, 8, 16]",5,False,0.05773400889005559,"[{""decode_step"": 1, ""distortion"": 0.058654688552852996}, {""decode_step"": 2, ""distortion"": 0.060308648666154874}, {""decode_step"": 4, ""distortion"": 0.05711885244300332}, {""decode_step"": 8, ""distortion"": 0.0530755696396619}, {""decode_step"": 16, ""distortion"": 0.05951228514860483}]"
primary,trec,151,22,key,K2/V16,2,16,lmsys/longchat-7b-v1.5-32k,72e24f9241451c7aa799dde9773eb52e8ced88af,42,11115,20,"[1, 2, 4, 8, 16]","[1, 2, 4, 8, 16]",5,False,0.05714851770829753,"[{""decode_step"": 1, ""distortion"": 0.061479824420058296}, {""decode_step"": 2, ""distortion"": 0.05695957711879745}, {""decode_step"": 4, ""distortion"": 0.057812182009136515}, {""decode_step"": 8, ""distortion"": 0.056200846895215435}, {""decode_step"": 16, ""distortion"": 0.05329015809827994}]"
primary,lcc,122,22,key,K2/V16,2,16,lmsys/longchat-7b-v1.5-32k,72e24f9241451c7aa799dde9773eb52e8ced88af,42,3489,20,"[1, 2, 4, 8, 16]","[1, 2, 4, 8, 16]",5,False,0.05822730326381529,"[{""decode_step"": 1, ""distortion"": 0.05880463469678273}, {""decode_step"": 2, ""distortion"": 0.061114702652936934}, {""decode_step"": 4, ""distortion"": 0.060280693242882336}, {""decode_step"": 8, ""distortion"": 0.05525034637360918}, {""decode_step"": 16, ""distortion"": 0.05568613935286529}]"
primary,lcc,174,22,key,K2/V16,2,16,lmsys/longchat-7b-v1.5-32k,72e24f9241451c7aa799dde9773eb52e8ced88af,42,2600,20,"[1, 2, 4, 8, 16]","[1, 2, 4, 8, 16]",5,False,0.05218221305012648,"[{""decode_step"": 1, ""distortion"": 0.0500490701771252}, {""decode_step"": 2, ""distortion"": 0.04996700668011345}, {""decode_step"": 4, ""distortion"": 0.05820869053318236}, {""decode_step"": 8, ""distortion"": 0.05294416614142605}, {""decode_step"": 16, ""distortion"": 0.049742131718785325}]"
primary,lcc,214,22,key,K2/V16,2,16,lmsys/longchat-7b-v1.5-32k,72e24f9241451c7aa799dde9773eb52e8ced88af,42,5140,20,"[1, 2, 4, 8, 16]","[1, 2, 4, 8, 16]",5,False,0.055181518112790026,"[{""decode_step"": 1, ""distortion"": 0.04934778736276252}, {""decode_step"": 2, ""distortion"": 0.055016430767781135}, {""decode_step"": 4, ""distortion"": 0.05810787137596453}, {""decode_step"": 8, ""distortion"": 0.05437202369771712}, {""decode_step"": 16, ""distortion"": 0.05906347735972486}]"
primary,lcc,357,22,key,K2/V16,2,16,lmsys/longchat-7b-v1.5-32k,72e24f9241451c7aa799dde9773eb52e8ced88af,42,3996,15,"[1, 2, 4, 8, 16]","[1, 2, 4, 8]",4,False,0.05178437683486234,"[{""decode_step"": 1, ""distortion"": 0.049158950488691636}, {""decode_step"": 2, ""distortion"": 0.04831024826167397}, {""decode_step"": 4, ""distortion"": 0.055868454680929214}, {""decode_step"": 8, ""distortion"": 0.05379985390815453}]"
primary,passage_retrieval_en,141,22,key,K2/V16,2,16,lmsys/longchat-7b-v1.5-32k,72e24f9241451c7aa799dde9773eb52e8ced88af,42,13442,5,"[1, 2, 4, 8, 16]","[1, 2, 4]",3,False,0.04962605192792798,"[{""decode_step"": 1, ""distortion"": 0.04954660485868309}, {""decode_step"": 2, ""distortion"": 0.050089627456249904}, {""decode_step"": 4, ""distortion"": 0.04924192346885095}]"
primary,passage_retrieval_en,185,22,key,K2/V16,2,16,lmsys/longchat-7b-v1.5-32k,72e24f9241451c7aa799dde9773eb52e8ced88af,42,13611,6,"[1, 2, 4, 8, 16]","[1, 2, 4]",3,False,0.05020380971040946,"[{""decode_step"": 1, ""distortion"": 0.04954538040208907}, {""decode_step"": 2, ""distortion"": 0.0504253840503866}, {""decode_step"": 4, ""distortion"": 0.050640664678752716}]"
primary,passage_retrieval_en,105,22,key,K2/V16,2,16,lmsys/longchat-7b-v1.5-32k,72e24f9241451c7aa799dde9773eb52e8ced88af,42,15066,5,"[1, 2, 4, 8, 16]","[1, 2, 4]",3,False,0.0497957241926805,"[{""decode_step"": 1, ""distortion"": 0.04947805390368116}, {""decode_step"": 2, ""distortion"": 0.050270643858652896}, {""decode_step"": 4, ""distortion"": 0.049638474815707455}]"
primary,passage_retrieval_en,41,22,key,K2/V16,2,16,lmsys/longchat-7b-v1.5-32k,72e24f9241451c7aa799dde9773eb52e8ced88af,42,15832,6,"[1, 2, 4, 8, 16]","[1, 2, 4]",3,False,0.05044866051585709,"[{""decode_step"": 1, ""distortion"": 0.0495502775547524}, {""decode_step"": 2, ""distortion"": 0.05027345807729043}, {""decode_step"": 4, ""distortion"": 0.05152224591552844}]"
primary,2wikimqa,164,22,key,K2/V16,2,16,lmsys/longchat-7b-v1.5-32k,72e24f9241451c7aa799dde9773eb52e8ced88af,42,5528,20,"[1, 2, 4, 8, 16]","[1, 2, 4, 8, 16]",5,False,0.051899969163024175,"[{""decode_step"": 1, ""distortion"": 0.04900233260473658}, {""decode_step"": 2, ""distortion"": 0.05200219574852109}, {""decode_step"": 4, ""distortion"": 0.05308095964106704}, {""decode_step"": 8, ""distortion"": 0.05083444248713175}, {""decode_step"": 16, ""distortion"": 0.05457991533366441}]"
primary,2wikimqa,44,22,key,K2/V16,2,16,lmsys/longchat-7b-v1.5-32k,72e24f9241451c7aa799dde9773eb52e8ced88af,42,7240,3,"[1, 2, 4, 8, 16]","[1, 2]",2,False,0.0481382809778233,"[{""decode_step"": 1, ""distortion"": 0.046557989194625296}, {""decode_step"": 2, ""distortion"": 0.0497185727610213}]"
primary,2wikimqa,138,22,key,K2/V16,2,16,lmsys/longchat-7b-v1.5-32k,72e24f9241451c7aa799dde9773eb52e8ced88af,42,7852,8,"[1, 2, 4, 8, 16]","[1, 2, 4]",3,False,0.050876243637012465,"[{""decode_step"": 1, ""distortion"": 0.05437460283061887}, {""decode_step"": 2, ""distortion"": 0.0476519960924714}, {""decode_step"": 4, ""distortion"": 0.05060213198794713}]"
primary,2wikimqa,38,22,key,K2/V16,2,16,lmsys/longchat-7b-v1.5-32k,72e24f9241451c7aa799dde9773eb52e8ced88af,42,11086,20,"[1, 2, 4, 8, 16]","[1, 2, 4, 8, 16]",5,False,0.05024792005639685,"[{""decode_step"": 1, ""distortion"": 0.04911890307170554}, {""decode_step"": 2, ""distortion"": 0.048987479973672664}, {""decode_step"": 4, ""distortion"": 0.0495982781257331}, {""decode_step"": 8, ""distortion"": 0.051737468078578756}, {""decode_step"": 16, ""distortion"": 0.05179747103229416}]"
primary,trec,153,22,value,K16/V2,16,2,lmsys/longchat-7b-v1.5-32k,72e24f9241451c7aa799dde9773eb52e8ced88af,42,4325,20,"[1, 2, 4, 8, 16]","[1, 2, 4, 8, 16]",5,False,0.15373363425561695,"[{""decode_step"": 1, ""distortion"": 0.18668078630763996}, {""decode_step"": 2, ""distortion"": 0.1195296786144066}, {""decode_step"": 4, ""distortion"": 0.1574484788235239}, {""decode_step"": 8, ""distortion"": 0.12558621122421987}, {""decode_step"": 16, ""distortion"": 0.17942301630829444}]"
primary,trec,154,22,value,K16/V2,16,2,lmsys/longchat-7b-v1.5-32k,72e24f9241451c7aa799dde9773eb52e8ced88af,42,6881,20,"[1, 2, 4, 8, 16]","[1, 2, 4, 8, 16]",5,False,0.15858440504250074,"[{""decode_step"": 1, ""distortion"": 0.1862990293951044}, {""decode_step"": 2, ""distortion"": 0.18355683818095858}, {""decode_step"": 4, ""distortion"": 0.1940452053987256}, {""decode_step"": 8, ""distortion"": 0.1049608022832202}, {""decode_step"": 16, ""distortion"": 0.1240601499544949}]"
primary,trec,82,22,value,K16/V2,16,2,lmsys/longchat-7b-v1.5-32k,72e24f9241451c7aa799dde9773eb52e8ced88af,42,8914,20,"[1, 2, 4, 8, 16]","[1, 2, 4, 8, 16]",5,False,0.14693081384329046,"[{""decode_step"": 1, ""distortion"": 0.11394126791147217}, {""decode_step"": 2, ""distortion"": 0.1953107027915093}, {""decode_step"": 4, ""distortion"": 0.2214780060495289}, {""decode_step"": 8, ""distortion"": 0.09835526391218309}, {""decode_step"": 16, ""distortion"": 0.10556882855175882}]"
primary,trec,151,22,value,K16/V2,16,2,lmsys/longchat-7b-v1.5-32k,72e24f9241451c7aa799dde9773eb52e8ced88af,42,11115,20,"[1, 2, 4, 8, 16]","[1, 2, 4, 8, 16]",5,False,0.15583578644591817,"[{""decode_step"": 1, ""distortion"": 0.1980787300612197}, {""decode_step"": 2, ""distortion"": 0.21821462821777166}, {""decode_step"": 4, ""distortion"": 0.1704450982214127}, {""decode_step"": 8, ""distortion"": 0.10869897780867929}, {""decode_step"": 16, ""distortion"": 0.08374149792050757}]"
primary,lcc,122,22,value,K16/V2,16,2,lmsys/longchat-7b-v1.5-32k,72e24f9241451c7aa799dde9773eb52e8ced88af,42,3489,20,"[1, 2, 4, 8, 16]","[1, 2, 4, 8, 16]",5,False,0.09216271849189443,"[{""decode_step"": 1, ""distortion"": 0.05264398651225286}, {""decode_step"": 2, ""distortion"": 0.07443876764653992}, {""decode_step"": 4, ""distortion"": 0.06430125111197604}, {""decode_step"": 8, ""distortion"": 0.1168666618488565}, {""decode_step"": 16, ""distortion"": 0.15256292533984686}]"
primary,lcc,174,22,value,K16/V2,16,2,lmsys/longchat-7b-v1.5-32k,72e24f9241451c7aa799dde9773eb52e8ced88af,42,2600,20,"[1, 2, 4, 8, 16]","[1, 2, 4, 8, 16]",5,False,0.10134919317030613,"[{""decode_step"": 1, ""distortion"": 0.14413199934790374}, {""decode_step"": 2, ""distortion"": 0.07232907009022994}, {""decode_step"": 4, ""distortion"": 0.15564897751826154}, {""decode_step"": 8, ""distortion"": 0.07755016857636941}, {""decode_step"": 16, ""distortion"": 0.05708575031876605}]"
primary,lcc,214,22,value,K16/V2,16,2,lmsys/longchat-7b-v1.5-32k,72e24f9241451c7aa799dde9773eb52e8ced88af,42,5140,20,"[1, 2, 4, 8, 16]","[1, 2, 4, 8, 16]",5,False,0.11729358054383357,"[{""decode_step"": 1, ""distortion"": 0.10600987195814765}, {""decode_step"": 2, ""distortion"": 0.09904259461042565}, {""decode_step"": 4, ""distortion"": 0.12662280736980866}, {""decode_step"": 8, ""distortion"": 0.07631521633128084}, {""decode_step"": 16, ""distortion"": 0.178477412449505}]"
primary,lcc,357,22,value,K16/V2,16,2,lmsys/longchat-7b-v1.5-32k,72e24f9241451c7aa799dde9773eb52e8ced88af,42,3996,15,"[1, 2, 4, 8, 16]","[1, 2, 4, 8]",4,False,0.09852109678490412,"[{""decode_step"": 1, ""distortion"": 0.14427912896330022}, {""decode_step"": 2, ""distortion"": 0.07614933076698377}, {""decode_step"": 4, ""distortion"": 0.10777477453940056}, {""decode_step"": 8, ""distortion"": 0.06588115286993192}]"
primary,passage_retrieval_en,141,22,value,K16/V2,16,2,lmsys/longchat-7b-v1.5-32k,72e24f9241451c7aa799dde9773eb52e8ced88af,42,13442,5,"[1, 2, 4, 8, 16]","[1, 2, 4]",3,False,0.18102109398261293,"[{""decode_step"": 1, ""distortion"": 0.1852208048055171}, {""decode_step"": 2, ""distortion"": 0.18088846434297498}, {""decode_step"": 4, ""distortion"": 0.17695401279934675}]"
primary,passage_retrieval_en,185,22,value,K16/V2,16,2,lmsys/longchat-7b-v1.5-32k,72e24f9241451c7aa799dde9773eb52e8ced88af,42,13611,6,"[1, 2, 4, 8, 16]","[1, 2, 4]",3,False,0.15328852473204133,"[{""decode_step"": 1, ""distortion"": 0.10164834870192847}, {""decode_step"": 2, ""distortion"": 0.14742999698706216}, {""decode_step"": 4, ""distortion"": 0.21078722850713333}]"
primary,passage_retrieval_en,105,22,value,K16/V2,16,2,lmsys/longchat-7b-v1.5-32k,72e24f9241451c7aa799dde9773eb52e8ced88af,42,15066,5,"[1, 2, 4, 8, 16]","[1, 2, 4]",3,False,0.16420960592380396,"[{""decode_step"": 1, ""distortion"": 0.12051411346577465}, {""decode_step"": 2, ""distortion"": 0.1597404744789455}, {""decode_step"": 4, ""distortion"": 0.2123742298266917}]"
primary,passage_retrieval_en,41,22,value,K16/V2,16,2,lmsys/longchat-7b-v1.5-32k,72e24f9241451c7aa799dde9773eb52e8ced88af,42,15832,6,"[1, 2, 4, 8, 16]","[1, 2, 4]",3,False,0.17529503883179084,"[{""decode_step"": 1, ""distortion"": 0.13296876913544875}, {""decode_step"": 2, ""distortion"": 0.1743719979136531}, {""decode_step"": 4, ""distortion"": 0.21854434944627063}]"
primary,2wikimqa,164,22,value,K16/V2,16,2,lmsys/longchat-7b-v1.5-32k,72e24f9241451c7aa799dde9773eb52e8ced88af,42,5528,20,"[1, 2, 4, 8, 16]","[1, 2, 4, 8, 16]",5,False,0.1748344855054742,"[{""decode_step"": 1, ""distortion"": 0.13962846139151575}, {""decode_step"": 2, ""distortion"": 0.23071803524559634}, {""decode_step"": 4, ""distortion"": 0.2488241357132752}, {""decode_step"": 8, ""distortion"": 0.1434966142275111}, {""decode_step"": 16, ""distortion"": 0.1115051809494727}]"
primary,2wikimqa,44,22,value,K16/V2,16,2,lmsys/longchat-7b-v1.5-32k,72e24f9241451c7aa799dde9773eb52e8ced88af,42,7240,3,"[1, 2, 4, 8, 16]","[1, 2]",2,False,0.18420777769494423,"[{""decode_step"": 1, ""distortion"": 0.13690454946639352}, {""decode_step"": 2, ""distortion"": 0.23151100592349497}]"
primary,2wikimqa,138,22,value,K16/V2,16,2,lmsys/longchat-7b-v1.5-32k,72e24f9241451c7aa799dde9773eb52e8ced88af,42,7852,8,"[1, 2, 4, 8, 16]","[1, 2, 4]",3,False,0.1585719286278861,"[{""decode_step"": 1, ""distortion"": 0.05381662444479606}, {""decode_step"": 2, ""distortion"": 0.2350931317339203}, {""decode_step"": 4, ""distortion"": 0.18680602970494198}]"
primary,2wikimqa,38,22,value,K16/V2,16,2,lmsys/longchat-7b-v1.5-32k,72e24f9241451c7aa799dde9773eb52e8ced88af,42,11086,20,"[1, 2, 4, 8, 16]","[1, 2, 4, 8, 16]",5,False,0.16364952221346077,"[{""decode_step"": 1, ""distortion"": 0.17458623785490276}, {""decode_step"": 2, ""distortion"": 0.16015918331911547}, {""decode_step"": 4, ""distortion"": 0.12791627111998255}, {""decode_step"": 8, ""distortion"": 0.11853104204591565}, {""decode_step"": 16, ""distortion"": 0.23705487672738734}]"
primary,trec,153,27,key,K2/V16,2,16,lmsys/longchat-7b-v1.5-32k,72e24f9241451c7aa799dde9773eb52e8ced88af,42,4325,20,"[1, 2, 4, 8, 16]","[1, 2, 4, 8, 16]",5,False,0.04937558101866538,"[{""decode_step"": 1, ""distortion"": 0.05016253823835881}, {""decode_step"": 2, ""distortion"": 0.04972835539813634}, {""decode_step"": 4, ""distortion"": 0.05290578249520984}, {""decode_step"": 8, ""distortion"": 0.04727916888006216}, {""decode_step"": 16, ""distortion"": 0.04680206008155977}]"
primary,trec,154,27,key,K2/V16,2,16,lmsys/longchat-7b-v1.5-32k,72e24f9241451c7aa799dde9773eb52e8ced88af,42,6881,20,"[1, 2, 4, 8, 16]","[1, 2, 4, 8, 16]",5,False,0.04906363155337314,"[{""decode_step"": 1, ""distortion"": 0.047922116835100684}, {""decode_step"": 2, ""distortion"": 0.05134743705298313}, {""decode_step"": 4, ""distortion"": 0.05035467987971723}, {""decode_step"": 8, ""distortion"": 0.0459804859681279}, {""decode_step"": 16, ""distortion"": 0.04971343803093678}]"
primary,trec,82,27,key,K2/V16,2,16,lmsys/longchat-7b-v1.5-32k,72e24f9241451c7aa799dde9773eb52e8ced88af,42,8914,20,"[1, 2, 4, 8, 16]","[1, 2, 4, 8, 16]",5,False,0.049215747289455845,"[{""decode_step"": 1, ""distortion"": 0.05070655974891927}, {""decode_step"": 2, ""distortion"": 0.05104034940026206}, {""decode_step"": 4, ""distortion"": 0.04773606512227033}, {""decode_step"": 8, ""distortion"": 0.04649601416984233}, {""decode_step"": 16, ""distortion"": 0.05009974800598526}]"
primary,trec,151,27,key,K2/V16,2,16,lmsys/longchat-7b-v1.5-32k,72e24f9241451c7aa799dde9773eb52e8ced88af,42,11115,20,"[1, 2, 4, 8, 16]","[1, 2, 4, 8, 16]",5,False,0.04872828649284287,"[{""decode_step"": 1, ""distortion"": 0.047913408225149653}, {""decode_step"": 2, ""distortion"": 0.050036226741067474}, {""decode_step"": 4, ""distortion"": 0.05026312896859789}, {""decode_step"": 8, ""distortion"": 0.04623468019101243}, {""decode_step"": 16, ""distortion"": 0.049193988338386944}]"
primary,lcc,122,27,key,K2/V16,2,16,lmsys/longchat-7b-v1.5-32k,72e24f9241451c7aa799dde9773eb52e8ced88af,42,3489,20,"[1, 2, 4, 8, 16]","[1, 2, 4, 8, 16]",5,False,0.049534496747698144,"[{""decode_step"": 1, ""distortion"": 0.05111238143730194}, {""decode_step"": 2, ""distortion"": 0.05187785471622545}, {""decode_step"": 4, ""distortion"": 0.050008331044275246}, {""decode_step"": 8, ""distortion"": 0.046493071714210854}, {""decode_step"": 16, ""distortion"": 0.048180844826477234}]"
primary,lcc,174,27,key,K2/V16,2,16,lmsys/longchat-7b-v1.5-32k,72e24f9241451c7aa799dde9773eb52e8ced88af,42,2600,20,"[1, 2, 4, 8, 16]","[1, 2, 4, 8, 16]",5,False,0.04637407633760323,"[{""decode_step"": 1, ""distortion"": 0.04608620479760216}, {""decode_step"": 2, ""distortion"": 0.04739240128636408}, {""decode_step"": 4, ""distortion"": 0.04802024444604668}, {""decode_step"": 8, ""distortion"": 0.04561596354846613}, {""decode_step"": 16, ""distortion"": 0.044755567609537104}]"
primary,lcc,214,27,key,K2/V16,2,16,lmsys/longchat-7b-v1.5-32k,72e24f9241451c7aa799dde9773eb52e8ced88af,42,5140,20,"[1, 2, 4, 8, 16]","[1, 2, 4, 8, 16]",5,False,0.04522030953972032,"[{""decode_step"": 1, ""distortion"": 0.043951078938423434}, {""decode_step"": 2, ""distortion"": 0.04740221272785573}, {""decode_step"": 4, ""distortion"": 0.04525026537741051}, {""decode_step"": 8, ""distortion"": 0.04418755689931845}, {""decode_step"": 16, ""distortion"": 0.04531043375559347}]"
primary,lcc,357,27,key,K2/V16,2,16,lmsys/longchat-7b-v1.5-32k,72e24f9241451c7aa799dde9773eb52e8ced88af,42,3996,15,"[1, 2, 4, 8, 16]","[1, 2, 4, 8]",4,False,0.046171473561595754,"[{""decode_step"": 1, ""distortion"": 0.045699115736848296}, {""decode_step"": 2, ""distortion"": 0.04682615823199908}, {""decode_step"": 4, ""distortion"": 0.04664145266026775}, {""decode_step"": 8, ""distortion"": 0.045519167617267896}]"
primary,passage_retrieval_en,141,27,key,K2/V16,2,16,lmsys/longchat-7b-v1.5-32k,72e24f9241451c7aa799dde9773eb52e8ced88af,42,13442,5,"[1, 2, 4, 8, 16]","[1, 2, 4]",3,False,0.04436114944867736,"[{""decode_step"": 1, ""distortion"": 0.04309626058411607}, {""decode_step"": 2, ""distortion"": 0.04439314504426372}, {""decode_step"": 4, ""distortion"": 0.04559404271765231}]"
primary,passage_retrieval_en,185,27,key,K2/V16,2,16,lmsys/longchat-7b-v1.5-32k,72e24f9241451c7aa799dde9773eb52e8ced88af,42,13611,6,"[1, 2, 4, 8, 16]","[1, 2, 4]",3,False,0.044639932386544706,"[{""decode_step"": 1, ""distortion"": 0.04329426003132019}, {""decode_step"": 2, ""distortion"": 0.044679728973320426}, {""decode_step"": 4, ""distortion"": 0.0459458081549935}]"
primary,passage_retrieval_en,105,27,key,K2/V16,2,16,lmsys/longchat-7b-v1.5-32k,72e24f9241451c7aa799dde9773eb52e8ced88af,42,15066,5,"[1, 2, 4, 8, 16]","[1, 2, 4]",3,False,0.04495767430198835,"[{""decode_step"": 1, ""distortion"": 0.043691448215905856}, {""decode_step"": 2, ""distortion"": 0.045006726718925326}, {""decode_step"": 4, ""distortion"": 0.046174847971133845}]"
primary,passage_retrieval_en,41,27,key,K2/V16,2,16,lmsys/longchat-7b-v1.5-32k,72e24f9241451c7aa799dde9773eb52e8ced88af,42,15832,6,"[1, 2, 4, 8, 16]","[1, 2, 4]",3,False,0.04534510525399271,"[{""decode_step"": 1, ""distortion"": 0.04412367027488592}, {""decode_step"": 2, ""distortion"": 0.045316321593791196}, {""decode_step"": 4, ""distortion"": 0.046595323893301024}]"
primary,2wikimqa,164,27,key,K2/V16,2,16,lmsys/longchat-7b-v1.5-32k,72e24f9241451c7aa799dde9773eb52e8ced88af,42,5528,20,"[1, 2, 4, 8, 16]","[1, 2, 4, 8, 16]",5,False,0.04527401182944353,"[{""decode_step"": 1, ""distortion"": 0.043678201011128424}, {""decode_step"": 2, ""distortion"": 0.04525716054211693}, {""decode_step"": 4, ""distortion"": 0.044366017815799956}, {""decode_step"": 8, ""distortion"": 0.0471917765882216}, {""decode_step"": 16, ""distortion"": 0.04587690318995071}]"
primary,2wikimqa,44,27,key,K2/V16,2,16,lmsys/longchat-7b-v1.5-32k,72e24f9241451c7aa799dde9773eb52e8ced88af,42,7240,3,"[1, 2, 4, 8, 16]","[1, 2]",2,False,0.04686460718474368,"[{""decode_step"": 1, ""distortion"": 0.04522740956136379}, {""decode_step"": 2, ""distortion"": 0.04850180480812357}]"
primary,2wikimqa,138,27,key,K2/V16,2,16,lmsys/longchat-7b-v1.5-32k,72e24f9241451c7aa799dde9773eb52e8ced88af,42,7852,8,"[1, 2, 4, 8, 16]","[1, 2, 4]",3,False,0.04421107353933115,"[{""decode_step"": 1, ""distortion"": 0.04357905110786032}, {""decode_step"": 2, ""distortion"": 0.043987250205416405}, {""decode_step"": 4, ""distortion"": 0.04506691930471673}]"
primary,2wikimqa,38,27,key,K2/V16,2,16,lmsys/longchat-7b-v1.5-32k,72e24f9241451c7aa799dde9773eb52e8ced88af,42,11086,20,"[1, 2, 4, 8, 16]","[1, 2, 4, 8, 16]",5,False,0.04578791969720582,"[{""decode_step"": 1, ""distortion"": 0.044656272985069315}, {""decode_step"": 2, ""distortion"": 0.045529846447575385}, {""decode_step"": 4, ""distortion"": 0.04677091571951209}, {""decode_step"": 8, ""distortion"": 0.04636527254657072}, {""decode_step"": 16, ""distortion"": 0.0456172907873016}]"
primary,trec,153,27,value,K16/V2,16,2,lmsys/longchat-7b-v1.5-32k,72e24f9241451c7aa799dde9773eb52e8ced88af,42,4325,20,"[1, 2, 4, 8, 16]","[1, 2, 4, 8, 16]",5,False,0.1947187107687308,"[{""decode_step"": 1, ""distortion"": 0.1340914329032124}, {""decode_step"": 2, ""distortion"": 0.1621541047182707}, {""decode_step"": 4, ""distortion"": 0.19310345341562282}, {""decode_step"": 8, ""distortion"": 0.2647847960325416}, {""decode_step"": 16, ""distortion"": 0.21945976677400647}]"
primary,trec,154,27,value,K16/V2,16,2,lmsys/longchat-7b-v1.5-32k,72e24f9241451c7aa799dde9773eb52e8ced88af,42,6881,20,"[1, 2, 4, 8, 16]","[1, 2, 4, 8, 16]",5,False,0.18154198557408474,"[{""decode_step"": 1, ""distortion"": 0.2370492318042656}, {""decode_step"": 2, ""distortion"": 0.07998661030802905}, {""decode_step"": 4, ""distortion"": 0.2027066501759391}, {""decode_step"": 8, ""distortion"": 0.20307499260596465}, {""decode_step"": 16, ""distortion"": 0.18489244297622529}]"
primary,trec,82,27,value,K16/V2,16,2,lmsys/longchat-7b-v1.5-32k,72e24f9241451c7aa799dde9773eb52e8ced88af,42,8914,20,"[1, 2, 4, 8, 16]","[1, 2, 4, 8, 16]",5,False,0.1752878557630913,"[{""decode_step"": 1, ""distortion"": 0.08626168599022169}, {""decode_step"": 2, ""distortion"": 0.20282664535377204}, {""decode_step"": 4, ""distortion"": 0.11875603635296751}, {""decode_step"": 8, ""distortion"": 0.3584176731175647}, {""decode_step"": 16, ""distortion"": 0.11017723800093052}]"
primary,trec,151,27,value,K16/V2,16,2,lmsys/longchat-7b-v1.5-32k,72e24f9241451c7aa799dde9773eb52e8ced88af,42,11115,20,"[1, 2, 4, 8, 16]","[1, 2, 4, 8, 16]",5,False,0.1580478015632128,"[{""decode_step"": 1, ""distortion"": 0.25724976293999535}, {""decode_step"": 2, ""distortion"": 0.09823670890629363}, {""decode_step"": 4, ""distortion"": 0.19952828963738806}, {""decode_step"": 8, ""distortion"": 0.17649546659124501}, {""decode_step"": 16, ""distortion"": 0.05872877974114202}]"
primary,lcc,122,27,value,K16/V2,16,2,lmsys/longchat-7b-v1.5-32k,72e24f9241451c7aa799dde9773eb52e8ced88af,42,3489,20,"[1, 2, 4, 8, 16]","[1, 2, 4, 8, 16]",5,False,0.12752203601283538,"[{""decode_step"": 1, ""distortion"": 0.09847936496790063}, {""decode_step"": 2, ""distortion"": 0.07183746211131273}, {""decode_step"": 4, ""distortion"": 0.12049455121332607}, {""decode_step"": 8, ""distortion"": 0.21156917335248726}, {""decode_step"": 16, ""distortion"": 0.13522962841915018}]"
primary,lcc,174,27,value,K16/V2,16,2,lmsys/longchat-7b-v1.5-32k,72e24f9241451c7aa799dde9773eb52e8ced88af,42,2600,20,"[1, 2, 4, 8, 16]","[1, 2, 4, 8, 16]",5,False,0.07680396285156685,"[{""decode_step"": 1, ""distortion"": 0.0759262174837368}, {""decode_step"": 2, ""distortion"": 0.06476911099549833}, {""decode_step"": 4, ""distortion"": 0.05634494937768896}, {""decode_step"": 8, ""distortion"": 0.0801949839898035}, {""decode_step"": 16, ""distortion"": 0.10678455241110665}]"
primary,lcc,214,27,value,K16/V2,16,2,lmsys/longchat-7b-v1.5-32k,72e24f9241451c7aa799dde9773eb52e8ced88af,42,5140,20,"[1, 2, 4, 8, 16]","[1, 2, 4, 8, 16]",5,False,0.06474890999909388,"[{""decode_step"": 1, ""distortion"": 0.07934119949929239}, {""decode_step"": 2, ""distortion"": 0.03949967997979423}, {""decode_step"": 4, ""distortion"": 0.04482037513047572}, {""decode_step"": 8, ""distortion"": 0.10770766779431032}, {""decode_step"": 16, ""distortion"": 0.05237562759159679}]"
primary,lcc,357,27,value,K16/V2,16,2,lmsys/longchat-7b-v1.5-32k,72e24f9241451c7aa799dde9773eb52e8ced88af,42,3996,15,"[1, 2, 4, 8, 16]","[1, 2, 4, 8]",4,False,0.07205094183647533,"[{""decode_step"": 1, ""distortion"": 0.06869729961704564}, {""decode_step"": 2, ""distortion"": 0.07267271831795241}, {""decode_step"": 4, ""distortion"": 0.062161127778192236}, {""decode_step"": 8, ""distortion"": 0.08467262163271101}]"
primary,passage_retrieval_en,141,27,value,K16/V2,16,2,lmsys/longchat-7b-v1.5-32k,72e24f9241451c7aa799dde9773eb52e8ced88af,42,13442,5,"[1, 2, 4, 8, 16]","[1, 2, 4]",3,False,0.12565243749114455,"[{""decode_step"": 1, ""distortion"": 0.24581127417018597}, {""decode_step"": 2, ""distortion"": 0.07263590287585607}, {""decode_step"": 4, ""distortion"": 0.05851013542739164}]"
primary,passage_retrieval_en,185,27,value,K16/V2,16,2,lmsys/longchat-7b-v1.5-32k,72e24f9241451c7aa799dde9773eb52e8ced88af,42,13611,6,"[1, 2, 4, 8, 16]","[1, 2, 4]",3,False,0.11260395652899723,"[{""decode_step"": 1, ""distortion"": 0.2157719178292517}, {""decode_step"": 2, ""distortion"": 0.07462772708000923}, {""decode_step"": 4, ""distortion"": 0.047412224677730715}]"
primary,passage_retrieval_en,105,27,value,K16/V2,16,2,lmsys/longchat-7b-v1.5-32k,72e24f9241451c7aa799dde9773eb52e8ced88af,42,15066,5,"[1, 2, 4, 8, 16]","[1, 2, 4]",3,False,0.11368010373946241,"[{""decode_step"": 1, ""distortion"": 0.20733388230076552}, {""decode_step"": 2, ""distortion"": 0.07026616376547182}, {""decode_step"": 4, ""distortion"": 0.06344026515214989}]"
primary,passage_retrieval_en,41,27,value,K16/V2,16,2,lmsys/longchat-7b-v1.5-32k,72e24f9241451c7aa799dde9773eb52e8ced88af,42,15832,6,"[1, 2, 4, 8, 16]","[1, 2, 4]",3,False,0.11518595489040757,"[{""decode_step"": 1, ""distortion"": 0.21352794362906993}, {""decode_step"": 2, ""distortion"": 0.08611501156568241}, {""decode_step"": 4, ""distortion"": 0.045914909476470415}]"
primary,2wikimqa,164,27,value,K16/V2,16,2,lmsys/longchat-7b-v1.5-32k,72e24f9241451c7aa799dde9773eb52e8ced88af,42,5528,20,"[1, 2, 4, 8, 16]","[1, 2, 4, 8, 16]",5,False,0.1386014169404643,"[{""decode_step"": 1, ""distortion"": 0.20616371620082674}, {""decode_step"": 2, ""distortion"": 0.09158118309570178}, {""decode_step"": 4, ""distortion"": 0.21901114538703334}, {""decode_step"": 8, ""distortion"": 0.08598233435306168}, {""decode_step"": 16, ""distortion"": 0.09026870566569803}]"
primary,2wikimqa,44,27,value,K16/V2,16,2,lmsys/longchat-7b-v1.5-32k,72e24f9241451c7aa799dde9773eb52e8ced88af,42,7240,3,"[1, 2, 4, 8, 16]","[1, 2]",2,False,0.12590702238157125,"[{""decode_step"": 1, ""distortion"": 0.18972137007070206}, {""decode_step"": 2, ""distortion"": 0.06209267469244045}]"
primary,2wikimqa,138,27,value,K16/V2,16,2,lmsys/longchat-7b-v1.5-32k,72e24f9241451c7aa799dde9773eb52e8ced88af,42,7852,8,"[1, 2, 4, 8, 16]","[1, 2, 4]",3,False,0.16982578685884028,"[{""decode_step"": 1, ""distortion"": 0.16696258922961577}, {""decode_step"": 2, ""distortion"": 0.16311292183033366}, {""decode_step"": 4, ""distortion"": 0.17940184951657137}]"
primary,2wikimqa,38,27,value,K16/V2,16,2,lmsys/longchat-7b-v1.5-32k,72e24f9241451c7aa799dde9773eb52e8ced88af,42,11086,20,"[1, 2, 4, 8, 16]","[1, 2, 4, 8, 16]",5,False,0.11427633136123491,"[{""decode_step"": 1, ""distortion"": 0.18477056850451498}, {""decode_step"": 2, ""distortion"": 0.13189283721272738}, {""decode_step"": 4, ""distortion"": 0.07711596136219104}, {""decode_step"": 8, ""distortion"": 0.05909827353049637}, {""decode_step"": 16, ""distortion"": 0.11850401619624486}]"
primary,trec,153,31,key,K2/V16,2,16,lmsys/longchat-7b-v1.5-32k,72e24f9241451c7aa799dde9773eb52e8ced88af,42,4325,20,"[1, 2, 4, 8, 16]","[1, 2, 4, 8, 16]",5,False,0.05702495199957543,"[{""decode_step"": 1, ""distortion"": 0.06082403291499791}, {""decode_step"": 2, ""distortion"": 0.059525564043726824}, {""decode_step"": 4, ""distortion"": 0.05817523568204477}, {""decode_step"": 8, ""distortion"": 0.056060914234662675}, {""decode_step"": 16, ""distortion"": 0.050539013122444965}]"
primary,trec,154,31,key,K2/V16,2,16,lmsys/longchat-7b-v1.5-32k,72e24f9241451c7aa799dde9773eb52e8ced88af,42,6881,20,"[1, 2, 4, 8, 16]","[1, 2, 4, 8, 16]",5,False,0.057991418579729594,"[{""decode_step"": 1, ""distortion"": 0.05671831761694618}, {""decode_step"": 2, ""distortion"": 0.061120475392396685}, {""decode_step"": 4, ""distortion"": 0.06087293213040737}, {""decode_step"": 8, ""distortion"": 0.053119785796124586}, {""decode_step"": 16, ""distortion"": 0.058125581962773135}]"
primary,trec,82,31,key,K2/V16,2,16,lmsys/longchat-7b-v1.5-32k,72e24f9241451c7aa799dde9773eb52e8ced88af,42,8914,20,"[1, 2, 4, 8, 16]","[1, 2, 4, 8, 16]",5,False,0.05709423157482137,"[{""decode_step"": 1, ""distortion"": 0.06069417904081666}, {""decode_step"": 2, ""distortion"": 0.05703105387294856}, {""decode_step"": 4, ""distortion"": 0.055939873494749374}, {""decode_step"": 8, ""distortion"": 0.0529699319167744}, {""decode_step"": 16, ""distortion"": 0.05883611954881787}]"
primary,trec,151,31,key,K2/V16,2,16,lmsys/longchat-7b-v1.5-32k,72e24f9241451c7aa799dde9773eb52e8ced88af,42,11115,20,"[1, 2, 4, 8, 16]","[1, 2, 4, 8, 16]",5,False,0.057696202059863144,"[{""decode_step"": 1, ""distortion"": 0.05664158458153091}, {""decode_step"": 2, ""distortion"": 0.06038782124519323}, {""decode_step"": 4, ""distortion"": 0.0618146891209769}, {""decode_step"": 8, ""distortion"": 0.05445563652624488}, {""decode_step"": 16, ""distortion"": 0.05518127882536981}]"
primary,lcc,122,31,key,K2/V16,2,16,lmsys/longchat-7b-v1.5-32k,72e24f9241451c7aa799dde9773eb52e8ced88af,42,3489,20,"[1, 2, 4, 8, 16]","[1, 2, 4, 8, 16]",5,False,0.05694197265623342,"[{""decode_step"": 1, ""distortion"": 0.05660531995950973}, {""decode_step"": 2, ""distortion"": 0.056915607814803516}, {""decode_step"": 4, ""distortion"": 0.059656027447745064}, {""decode_step"": 8, ""distortion"": 0.05529662160888268}, {""decode_step"": 16, ""distortion"": 0.05623628645022611}]"
primary,lcc,174,31,key,K2/V16,2,16,lmsys/longchat-7b-v1.5-32k,72e24f9241451c7aa799dde9773eb52e8ced88af,42,2600,20,"[1, 2, 4, 8, 16]","[1, 2, 4, 8, 16]",5,False,0.053488891561592325,"[{""decode_step"": 1, ""distortion"": 0.052506926349733876}, {""decode_step"": 2, ""distortion"": 0.055657521548543316}, {""decode_step"": 4, ""distortion"": 0.05379569226632811}, {""decode_step"": 8, ""distortion"": 0.05542059910986229}, {""decode_step"": 16, ""distortion"": 0.05006371853349402}]"
primary,lcc,214,31,key,K2/V16,2,16,lmsys/longchat-7b-v1.5-32k,72e24f9241451c7aa799dde9773eb52e8ced88af,42,5140,20,"[1, 2, 4, 8, 16]","[1, 2, 4, 8, 16]",5,False,0.048957154293351804,"[{""decode_step"": 1, ""distortion"": 0.04624349274978139}, {""decode_step"": 2, ""distortion"": 0.050082419710887574}, {""decode_step"": 4, ""distortion"": 0.04955778160705403}, {""decode_step"": 8, ""distortion"": 0.048824648050512044}, {""decode_step"": 16, ""distortion"": 0.05007742934852397}]"
primary,lcc,357,31,key,K2/V16,2,16,lmsys/longchat-7b-v1.5-32k,72e24f9241451c7aa799dde9773eb52e8ced88af,42,3996,15,"[1, 2, 4, 8, 16]","[1, 2, 4, 8]",4,False,0.05326296437787175,"[{""decode_step"": 1, ""distortion"": 0.05144360932662192}, {""decode_step"": 2, ""distortion"": 0.05625645104668197}, {""decode_step"": 4, ""distortion"": 0.05266375857033795}, {""decode_step"": 8, ""distortion"": 0.052688038567845166}]"
primary,passage_retrieval_en,141,31,key,K2/V16,2,16,lmsys/longchat-7b-v1.5-32k,72e24f9241451c7aa799dde9773eb52e8ced88af,42,13442,5,"[1, 2, 4, 8, 16]","[1, 2, 4]",3,False,0.053749634331655555,"[{""decode_step"": 1, ""distortion"": 0.051500832706579396}, {""decode_step"": 2, ""distortion"": 0.05581301413240034}, {""decode_step"": 4, ""distortion"": 0.05393505615598693}]"
primary,passage_retrieval_en,185,31,key,K2/V16,2,16,lmsys/longchat-7b-v1.5-32k,72e24f9241451c7aa799dde9773eb52e8ced88af,42,13611,6,"[1, 2, 4, 8, 16]","[1, 2, 4]",3,False,0.053165881781588376,"[{""decode_step"": 1, ""distortion"": 0.05177946866274118}, {""decode_step"": 2, ""distortion"": 0.05561806425867368}, {""decode_step"": 4, ""distortion"": 0.052100112423350275}]"
primary,passage_retrieval_en,105,31,key,K2/V16,2,16,lmsys/longchat-7b-v1.5-32k,72e24f9241451c7aa799dde9773eb52e8ced88af,42,15066,5,"[1, 2, 4, 8, 16]","[1, 2, 4]",3,False,0.054297668608532655,"[{""decode_step"": 1, ""distortion"": 0.0524930944830536}, {""decode_step"": 2, ""distortion"": 0.05619325691064908}, {""decode_step"": 4, ""distortion"": 0.05420665443189526}]"
primary,passage_retrieval_en,41,31,key,K2/V16,2,16,lmsys/longchat-7b-v1.5-32k,72e24f9241451c7aa799dde9773eb52e8ced88af,42,15832,6,"[1, 2, 4, 8, 16]","[1, 2, 4]",3,False,0.0534029096798631,"[{""decode_step"": 1, ""distortion"": 0.052167028363674706}, {""decode_step"": 2, ""distortion"": 0.055506335051288255}, {""decode_step"": 4, ""distortion"": 0.05253536562462634}]"
primary,2wikimqa,164,31,key,K2/V16,2,16,lmsys/longchat-7b-v1.5-32k,72e24f9241451c7aa799dde9773eb52e8ced88af,42,5528,20,"[1, 2, 4, 8, 16]","[1, 2, 4, 8, 16]",5,False,0.05553850738231038,"[{""decode_step"": 1, ""distortion"": 0.05241258856689954}, {""decode_step"": 2, ""distortion"": 0.05372005549102954}, {""decode_step"": 4, ""distortion"": 0.053761863474555055}, {""decode_step"": 8, ""distortion"": 0.05793577830232082}, {""decode_step"": 16, ""distortion"": 0.05986225107674691}]"
primary,2wikimqa,44,31,key,K2/V16,2,16,lmsys/longchat-7b-v1.5-32k,72e24f9241451c7aa799dde9773eb52e8ced88af,42,7240,3,"[1, 2, 4, 8, 16]","[1, 2]",2,False,0.05317989837769438,"[{""decode_step"": 1, ""distortion"": 0.05177988860802787}, {""decode_step"": 2, ""distortion"": 0.0545799081473609}]"
primary,2wikimqa,138,31,key,K2/V16,2,16,lmsys/longchat-7b-v1.5-32k,72e24f9241451c7aa799dde9773eb52e8ced88af,42,7852,8,"[1, 2, 4, 8, 16]","[1, 2, 4]",3,False,0.05289405920055226,"[{""decode_step"": 1, ""distortion"": 0.05045466943797371}, {""decode_step"": 2, ""distortion"": 0.05483002285368316}, {""decode_step"": 4, ""distortion"": 0.05339748530999991}]"
primary,2wikimqa,38,31,key,K2/V16,2,16,lmsys/longchat-7b-v1.5-32k,72e24f9241451c7aa799dde9773eb52e8ced88af,42,11086,20,"[1, 2, 4, 8, 16]","[1, 2, 4, 8, 16]",5,False,0.05265718241666585,"[{""decode_step"": 1, ""distortion"": 0.051503764040574045}, {""decode_step"": 2, ""distortion"": 0.05183694439728608}, {""decode_step"": 4, ""distortion"": 0.05393968775519781}, {""decode_step"": 8, ""distortion"": 0.053917198857452345}, {""decode_step"": 16, ""distortion"": 0.05208831703281896}]"
primary,trec,153,31,value,K16/V2,16,2,lmsys/longchat-7b-v1.5-32k,72e24f9241451c7aa799dde9773eb52e8ced88af,42,4325,20,"[1, 2, 4, 8, 16]","[1, 2, 4, 8, 16]",5,False,0.1255303400453146,"[{""decode_step"": 1, ""distortion"": 0.15186038838383914}, {""decode_step"": 2, ""distortion"": 0.15000871786375722}, {""decode_step"": 4, ""distortion"": 0.11701543633476448}, {""decode_step"": 8, ""distortion"": 0.09666341710070325}, {""decode_step"": 16, ""distortion"": 0.11210374054350893}]"
primary,trec,154,31,value,K16/V2,16,2,lmsys/longchat-7b-v1.5-32k,72e24f9241451c7aa799dde9773eb52e8ced88af,42,6881,20,"[1, 2, 4, 8, 16]","[1, 2, 4, 8, 16]",5,False,0.12812504386243712,"[{""decode_step"": 1, ""distortion"": 0.11252775310550031}, {""decode_step"": 2, ""distortion"": 0.12533287737852378}, {""decode_step"": 4, ""distortion"": 0.1543718496635209}, {""decode_step"": 8, ""distortion"": 0.1112421796535362}, {""decode_step"": 16, ""distortion"": 0.1371505595111043}]"
primary,trec,82,31,value,K16/V2,16,2,lmsys/longchat-7b-v1.5-32k,72e24f9241451c7aa799dde9773eb52e8ced88af,42,8914,20,"[1, 2, 4, 8, 16]","[1, 2, 4, 8, 16]",5,False,0.12507970218764214,"[{""decode_step"": 1, ""distortion"": 0.11174484885106702}, {""decode_step"": 2, ""distortion"": 0.11238242944356945}, {""decode_step"": 4, ""distortion"": 0.16980792345038154}, {""decode_step"": 8, ""distortion"": 0.10738675721629092}, {""decode_step"": 16, ""distortion"": 0.12407655197690187}]"
primary,trec,151,31,value,K16/V2,16,2,lmsys/longchat-7b-v1.5-32k,72e24f9241451c7aa799dde9773eb52e8ced88af,42,11115,20,"[1, 2, 4, 8, 16]","[1, 2, 4, 8, 16]",5,False,0.10873544580040584,"[{""decode_step"": 1, ""distortion"": 0.09401062271636103}, {""decode_step"": 2, ""distortion"": 0.10736362111450065}, {""decode_step"": 4, ""distortion"": 0.13672064714400134}, {""decode_step"": 8, ""distortion"": 0.10412739402135555}, {""decode_step"": 16, ""distortion"": 0.10145494400581058}]"
primary,lcc,122,31,value,K16/V2,16,2,lmsys/longchat-7b-v1.5-32k,72e24f9241451c7aa799dde9773eb52e8ced88af,42,3489,20,"[1, 2, 4, 8, 16]","[1, 2, 4, 8, 16]",5,False,0.08485475895614777,"[{""decode_step"": 1, ""distortion"": 0.08551165806319828}, {""decode_step"": 2, ""distortion"": 0.08163050463762019}, {""decode_step"": 4, ""distortion"": 0.07908335178068455}, {""decode_step"": 8, ""distortion"": 0.07901688407740921}, {""decode_step"": 16, ""distortion"": 0.09903139622182668}]"
primary,lcc,174,31,value,K16/V2,16,2,lmsys/longchat-7b-v1.5-32k,72e24f9241451c7aa799dde9773eb52e8ced88af,42,2600,20,"[1, 2, 4, 8, 16]","[1, 2, 4, 8, 16]",5,False,0.10301267839898846,"[{""decode_step"": 1, ""distortion"": 0.10078915280364682}, {""decode_step"": 2, ""distortion"": 0.1102167847695459}, {""decode_step"": 4, ""distortion"": 0.0971162220393865}, {""decode_step"": 8, ""distortion"": 0.09383940075220577}, {""decode_step"": 16, ""distortion"": 0.11310183163015736}]"
primary,lcc,214,31,value,K16/V2,16,2,lmsys/longchat-7b-v1.5-32k,72e24f9241451c7aa799dde9773eb52e8ced88af,42,5140,20,"[1, 2, 4, 8, 16]","[1, 2, 4, 8, 16]",5,False,0.10908748606691601,"[{""decode_step"": 1, ""distortion"": 0.11150990268519947}, {""decode_step"": 2, ""distortion"": 0.0991876806403733}, {""decode_step"": 4, ""distortion"": 0.10419550283798991}, {""decode_step"": 8, ""distortion"": 0.12668626233527056}, {""decode_step"": 16, ""distortion"": 0.10385808183574678}]"
primary,lcc,357,31,value,K16/V2,16,2,lmsys/longchat-7b-v1.5-32k,72e24f9241451c7aa799dde9773eb52e8ced88af,42,3996,15,"[1, 2, 4, 8, 16]","[1, 2, 4, 8]",4,False,0.1081295756512702,"[{""decode_step"": 1, ""distortion"": 0.11361835173129932}, {""decode_step"": 2, ""distortion"": 0.11186926466227666}, {""decode_step"": 4, ""distortion"": 0.11228143141331995}, {""decode_step"": 8, ""distortion"": 0.09474925479818484}]"
primary,passage_retrieval_en,141,31,value,K16/V2,16,2,lmsys/longchat-7b-v1.5-32k,72e24f9241451c7aa799dde9773eb52e8ced88af,42,13442,5,"[1, 2, 4, 8, 16]","[1, 2, 4]",3,False,0.08529761114947804,"[{""decode_step"": 1, ""distortion"": 0.08462248000134912}, {""decode_step"": 2, ""distortion"": 0.11462446866673066}, {""decode_step"": 4, ""distortion"": 0.056645884780354344}]"
primary,passage_retrieval_en,185,31,value,K16/V2,16,2,lmsys/longchat-7b-v1.5-32k,72e24f9241451c7aa799dde9773eb52e8ced88af,42,13611,6,"[1, 2, 4, 8, 16]","[1, 2, 4]",3,False,0.09637450369845467,"[{""decode_step"": 1, ""distortion"": 0.08591770043406612}, {""decode_step"": 2, ""distortion"": 0.12165423584793379}, {""decode_step"": 4, ""distortion"": 0.08155157481336407}]"
primary,passage_retrieval_en,105,31,value,K16/V2,16,2,lmsys/longchat-7b-v1.5-32k,72e24f9241451c7aa799dde9773eb52e8ced88af,42,15066,5,"[1, 2, 4, 8, 16]","[1, 2, 4]",3,False,0.08870708780353516,"[{""decode_step"": 1, ""distortion"": 0.08385779835674648}, {""decode_step"": 2, ""distortion"": 0.11659435647002575}, {""decode_step"": 4, ""distortion"": 0.06566910858383324}]"
primary,passage_retrieval_en,41,31,value,K16/V2,16,2,lmsys/longchat-7b-v1.5-32k,72e24f9241451c7aa799dde9773eb52e8ced88af,42,15832,6,"[1, 2, 4, 8, 16]","[1, 2, 4]",3,False,0.10050507610942155,"[{""decode_step"": 1, ""distortion"": 0.08344594231816359}, {""decode_step"": 2, ""distortion"": 0.11809515049381741}, {""decode_step"": 4, ""distortion"": 0.09997413551628365}]"
primary,2wikimqa,164,31,value,K16/V2,16,2,lmsys/longchat-7b-v1.5-32k,72e24f9241451c7aa799dde9773eb52e8ced88af,42,5528,20,"[1, 2, 4, 8, 16]","[1, 2, 4, 8, 16]",5,False,0.1028432690724695,"[{""decode_step"": 1, ""distortion"": 0.12233818794988226}, {""decode_step"": 2, ""distortion"": 0.1119395331713027}, {""decode_step"": 4, ""distortion"": 0.13962757970632303}, {""decode_step"": 8, ""distortion"": 0.09612668588832605}, {""decode_step"": 16, ""distortion"": 0.04418435864651347}]"
primary,2wikimqa,44,31,value,K16/V2,16,2,lmsys/longchat-7b-v1.5-32k,72e24f9241451c7aa799dde9773eb52e8ced88af,42,7240,3,"[1, 2, 4, 8, 16]","[1, 2]",2,False,0.11429532809091814,"[{""decode_step"": 1, ""distortion"": 0.12360762688859185}, {""decode_step"": 2, ""distortion"": 0.10498302929324442}]"
primary,2wikimqa,138,31,value,K16/V2,16,2,lmsys/longchat-7b-v1.5-32k,72e24f9241451c7aa799dde9773eb52e8ced88af,42,7852,8,"[1, 2, 4, 8, 16]","[1, 2, 4]",3,False,0.09391153415201081,"[{""decode_step"": 1, ""distortion"": 0.09494643706133483}, {""decode_step"": 2, ""distortion"": 0.09432098418228771}, {""decode_step"": 4, ""distortion"": 0.0924671812124099}]"
primary,2wikimqa,38,31,value,K16/V2,16,2,lmsys/longchat-7b-v1.5-32k,72e24f9241451c7aa799dde9773eb52e8ced88af,42,11086,20,"[1, 2, 4, 8, 16]","[1, 2, 4, 8, 16]",5,False,0.10694093298636494,"[{""decode_step"": 1, ""distortion"": 0.09331602408036237}, {""decode_step"": 2, ""distortion"": 0.11453646322349273}, {""decode_step"": 4, ""distortion"": 0.10422599740378101}, {""decode_step"": 8, ""distortion"": 0.09811109976015997}, {""decode_step"": 16, ""distortion"": 0.12451508046402857}]"
diagnostic,multifieldqa_en,50,0,key,K2/V16,2,16,lmsys/longchat-7b-v1.5-32k,72e24f9241451c7aa799dde9773eb52e8ced88af,42,3410,10,"[1, 2, 4, 8, 16]","[1, 2, 4, 8]",4,False,0.07639517217962194,"[{""decode_step"": 1, ""distortion"": 0.0731330118603483}, {""decode_step"": 2, ""distortion"": 0.0796106351439186}, {""decode_step"": 4, ""distortion"": 0.07803596595628515}, {""decode_step"": 8, ""distortion"": 0.07480107575793571}]"
diagnostic,multifieldqa_en,103,0,key,K2/V16,2,16,lmsys/longchat-7b-v1.5-32k,72e24f9241451c7aa799dde9773eb52e8ced88af,42,5809,6,"[1, 2, 4, 8, 16]","[1, 2, 4]",3,False,0.07488382157087517,"[{""decode_step"": 1, ""distortion"": 0.0765345028937882}, {""decode_step"": 2, ""distortion"": 0.07542776445661761}, {""decode_step"": 4, ""distortion"": 0.0726891973622197}]"
diagnostic,multifieldqa_en,81,0,key,K2/V16,2,16,lmsys/longchat-7b-v1.5-32k,72e24f9241451c7aa799dde9773eb52e8ced88af,42,8052,20,"[1, 2, 4, 8, 16]","[1, 2, 4, 8, 16]",5,False,0.06945513659078065,"[{""decode_step"": 1, ""distortion"": 0.06966951664573771}, {""decode_step"": 2, ""distortion"": 0.06879381551181556}, {""decode_step"": 4, ""distortion"": 0.0689526553983111}, {""decode_step"": 8, ""distortion"": 0.07187699037647671}, {""decode_step"": 16, ""distortion"": 0.0679827050215622}]"
diagnostic,multifieldqa_en,92,0,key,K2/V16,2,16,lmsys/longchat-7b-v1.5-32k,72e24f9241451c7aa799dde9773eb52e8ced88af,42,10751,20,"[1, 2, 4, 8, 16]","[1, 2, 4, 8, 16]",5,False,0.06946603673333965,"[{""decode_step"": 1, ""distortion"": 0.06797441969662331}, {""decode_step"": 2, ""distortion"": 0.06721593072179542}, {""decode_step"": 4, ""distortion"": 0.06945802125294882}, {""decode_step"": 8, ""distortion"": 0.0697231114371939}, {""decode_step"": 16, ""distortion"": 0.07295870055813679}]"
diagnostic,samsum,58,0,key,K2/V16,2,16,lmsys/longchat-7b-v1.5-32k,72e24f9241451c7aa799dde9773eb52e8ced88af,42,5794,20,"[1, 2, 4, 8, 16]","[1, 2, 4, 8, 16]",5,False,0.07002355987408239,"[{""decode_step"": 1, ""distortion"": 0.06998099098203509}, {""decode_step"": 2, ""distortion"": 0.06865027012949872}, {""decode_step"": 4, ""distortion"": 0.06873768468486002}, {""decode_step"": 8, ""distortion"": 0.07342073228820681}, {""decode_step"": 16, ""distortion"": 0.06932812128581131}]"
diagnostic,samsum,118,0,key,K2/V16,2,16,lmsys/longchat-7b-v1.5-32k,72e24f9241451c7aa799dde9773eb52e8ced88af,42,9207,5,"[1, 2, 4, 8, 16]","[1, 2, 4]",3,False,0.06735253263896121,"[{""decode_step"": 1, ""distortion"": 0.06864304423373112}, {""decode_step"": 2, ""distortion"": 0.06648863982495638}, {""decode_step"": 4, ""distortion"": 0.06692591385819613}]"
diagnostic,samsum,151,0,key,K2/V16,2,16,lmsys/longchat-7b-v1.5-32k,72e24f9241451c7aa799dde9773eb52e8ced88af,42,12914,20,"[1, 2, 4, 8, 16]","[1, 2, 4, 8, 16]",5,False,0.06568387390821925,"[{""decode_step"": 1, ""distortion"": 0.06586761833982596}, {""decode_step"": 2, ""distortion"": 0.0645058000623934}, {""decode_step"": 4, ""distortion"": 0.06553807848082673}, {""decode_step"": 8, ""distortion"": 0.0651812674696904}, {""decode_step"": 16, ""distortion"": 0.06732660518835984}]"
diagnostic,samsum,52,0,key,K2/V16,2,16,lmsys/longchat-7b-v1.5-32k,72e24f9241451c7aa799dde9773eb52e8ced88af,42,17094,20,"[1, 2, 4, 8, 16]","[1, 2, 4, 8, 16]",5,False,0.061274124370999085,"[{""decode_step"": 1, ""distortion"": 0.06145547306924103}, {""decode_step"": 2, ""distortion"": 0.06003439791459934}, {""decode_step"": 4, ""distortion"": 0.061414443663481304}, {""decode_step"": 8, ""distortion"": 0.06241339375695485}, {""decode_step"": 16, ""distortion"": 0.061052913450718886}]"
diagnostic,multifieldqa_en,50,0,value,K16/V2,16,2,lmsys/longchat-7b-v1.5-32k,72e24f9241451c7aa799dde9773eb52e8ced88af,42,3410,10,"[1, 2, 4, 8, 16]","[1, 2, 4, 8]",4,False,0.2544890396106968,"[{""decode_step"": 1, ""distortion"": 0.2569461978137464}, {""decode_step"": 2, ""distortion"": 0.2607724277047865}, {""decode_step"": 4, ""distortion"": 0.24087698365442048}, {""decode_step"": 8, ""distortion"": 0.2593605492698338}]"
diagnostic,multifieldqa_en,103,0,value,K16/V2,16,2,lmsys/longchat-7b-v1.5-32k,72e24f9241451c7aa799dde9773eb52e8ced88af,42,5809,6,"[1, 2, 4, 8, 16]","[1, 2, 4]",3,False,0.29199161586534905,"[{""decode_step"": 1, ""distortion"": 0.304068849023329}, {""decode_step"": 2, ""distortion"": 0.2863358551403458}, {""decode_step"": 4, ""distortion"": 0.2855701434323723}]"
diagnostic,multifieldqa_en,81,0,value,K16/V2,16,2,lmsys/longchat-7b-v1.5-32k,72e24f9241451c7aa799dde9773eb52e8ced88af,42,8052,20,"[1, 2, 4, 8, 16]","[1, 2, 4, 8, 16]",5,False,0.27932393348220386,"[{""decode_step"": 1, ""distortion"": 0.2824227318265009}, {""decode_step"": 2, ""distortion"": 0.27454425894590756}, {""decode_step"": 4, ""distortion"": 0.27734370458228685}, {""decode_step"": 8, ""distortion"": 0.2824912066604429}, {""decode_step"": 16, ""distortion"": 0.2798177653958811}]"
diagnostic,multifieldqa_en,92,0,value,K16/V2,16,2,lmsys/longchat-7b-v1.5-32k,72e24f9241451c7aa799dde9773eb52e8ced88af,42,10751,20,"[1, 2, 4, 8, 16]","[1, 2, 4, 8, 16]",5,False,0.2612510841373783,"[{""decode_step"": 1, ""distortion"": 0.266644879732954}, {""decode_step"": 2, ""distortion"": 0.2640792063794448}, {""decode_step"": 4, ""distortion"": 0.260484755701972}, {""decode_step"": 8, ""distortion"": 0.2680482644010052}, {""decode_step"": 16, ""distortion"": 0.24699831447151555}]"
diagnostic,samsum,58,0,value,K16/V2,16,2,lmsys/longchat-7b-v1.5-32k,72e24f9241451c7aa799dde9773eb52e8ced88af,42,5794,20,"[1, 2, 4, 8, 16]","[1, 2, 4, 8, 16]",5,False,0.3174779499597751,"[{""decode_step"": 1, ""distortion"": 0.3213454110015183}, {""decode_step"": 2, ""distortion"": 0.32580732110807686}, {""decode_step"": 4, ""distortion"": 0.31840777551966276}, {""decode_step"": 8, ""distortion"": 0.32344529157218377}, {""decode_step"": 16, ""distortion"": 0.2983839505974336}]"
diagnostic,samsum,118,0,value,K16/V2,16,2,lmsys/longchat-7b-v1.5-32k,72e24f9241451c7aa799dde9773eb52e8ced88af,42,9207,5,"[1, 2, 4, 8, 16]","[1, 2, 4]",3,False,0.2986610574958401,"[{""decode_step"": 1, ""distortion"": 0.31824219655520125}, {""decode_step"": 2, ""distortion"": 0.2879706967904832}, {""decode_step"": 4, ""distortion"": 0.28977027914183573}]"
diagnostic,samsum,151,0,value,K16/V2,16,2,lmsys/longchat-7b-v1.5-32k,72e24f9241451c7aa799dde9773eb52e8ced88af,42,12914,20,"[1, 2, 4, 8, 16]","[1, 2, 4, 8, 16]",5,False,0.31071904365874187,"[{""decode_step"": 1, ""distortion"": 0.309140344144821}, {""decode_step"": 2, ""distortion"": 0.31408953786530586}, {""decode_step"": 4, ""distortion"": 0.31661736728293605}, {""decode_step"": 8, ""distortion"": 0.3023939995450144}, {""decode_step"": 16, ""distortion"": 0.311353969455632}]"
diagnostic,samsum,52,0,value,K16/V2,16,2,lmsys/longchat-7b-v1.5-32k,72e24f9241451c7aa799dde9773eb52e8ced88af,42,17094,20,"[1, 2, 4, 8, 16]","[1, 2, 4, 8, 16]",5,False,0.31433303009398283,"[{""decode_step"": 1, ""distortion"": 0.30869649616129863}, {""decode_step"": 2, ""distortion"": 0.31207541528972593}, {""decode_step"": 4, ""distortion"": 0.3159660332154923}, {""decode_step"": 8, ""distortion"": 0.3157822405953735}, {""decode_step"": 16, ""distortion"": 0.31914496520802366}]"
